,imagePath,label
0,0205.jpg,5
1,1134.jpg,3
2,2231.jpg,5
3,3401.jpg,4
4,4280.jpg,10
5,5071.jpg,4
6,6164.jpg,17
7,7346.jpg,3
8,8277.jpg,7
9,9016.jpg,15
10,10093.jpg,19
11,11200.jpg,1
12,12275.jpg,13
13,13221.jpg,13
14,14241.jpg,10
15,15302.jpg,1
16,16253.jpg,19
17,17037.jpg,13
18,18097.jpg,8
19,19287.jpg,5
20,20112.jpg,19
21,21127.jpg,19
22,22229.jpg,2
23,23101.jpg,2
24,24048.jpg,6
25,25304.jpg,1
26,26141.jpg,14
27,27290.jpg,2
28,28212.jpg,2
29,29072.jpg,1
30,30205.jpg,17
31,31257.jpg,7
32,32224.jpg,0
33,33066.jpg,6
34,34341.jpg,7
35,35028.jpg,10
36,36372.jpg,11
37,37051.jpg,11
38,38117.jpg,7
39,39050.jpg,1
40,40169.jpg,2
41,41279.jpg,0
42,42076.jpg,9
43,43111.jpg,10
44,44077.jpg,2
45,45240.jpg,16
46,46024.jpg,15
47,47121.jpg,15
48,48253.jpg,7
49,49005.jpg,10
50,50171.jpg,14
51,51254.jpg,16
52,52019.jpg,15
53,53020.jpg,4
54,54285.jpg,4
55,55218.jpg,2
56,56237.jpg,7
57,57231.jpg,12
58,58147.jpg,17
59,59013.jpg,6
60,60111.jpg,18
61,61105.jpg,7
62,62253.jpg,3
63,63149.jpg,3
64,64268.jpg,17
65,65215.jpg,2
66,66238.jpg,4
67,67052.jpg,3
68,68144.jpg,9
69,69232.jpg,12
70,70116.jpg,19
71,71250.jpg,17
72,72102.jpg,12
73,73295.jpg,0
74,74243.jpg,5
75,75190.jpg,18
76,76264.jpg,16
77,77235.jpg,6
78,78228.jpg,2
79,79093.jpg,18
80,80048.jpg,15
81,81124.jpg,18
82,82101.jpg,19
83,83115.jpg,1
84,84187.jpg,16
85,85209.jpg,9
86,86032.jpg,5
87,87278.jpg,6
88,88206.jpg,16
89,89158.jpg,5
90,90018.jpg,17
91,91287.jpg,11
92,92036.jpg,2
93,93119.jpg,4
94,94225.jpg,11
95,95175.jpg,14
96,96297.jpg,14
97,97056.jpg,11
98,98184.jpg,18
99,99395.jpg,11
100,100060.jpg,1
101,101079.jpg,1
102,102041.jpg,0
103,103240.jpg,10
104,104114.jpg,10
105,105065.jpg,12
106,106262.jpg,16
107,107202.jpg,10
108,108009.jpg,16
109,109232.jpg,1
110,110296.jpg,4
111,111412.jpg,11
112,112286.jpg,10
113,113261.jpg,16
114,114078.jpg,7
115,115042.jpg,16
116,116252.jpg,1
117,117015.jpg,3
118,118012.jpg,8
119,119055.jpg,15
120,120197.jpg,0
121,121230.jpg,6
122,122065.jpg,13
123,123099.jpg,14
124,124041.jpg,8
125,125090.jpg,13
126,126134.jpg,17
127,127116.jpg,9
128,128188.jpg,3
129,129209.jpg,4
130,130218.jpg,4
131,131294.jpg,17
132,132042.jpg,4
133,133298.jpg,3
134,134272.jpg,6
135,135024.jpg,16
136,136376.jpg,2
137,137248.jpg,16
138,138182.jpg,16
139,139301.jpg,17
140,140052.jpg,1
141,141035.jpg,9
142,142151.jpg,5
143,143146.jpg,12
144,144136.jpg,16
145,145217.jpg,0
146,146139.jpg,11
147,147367.jpg,11
148,148347.jpg,2
149,149106.jpg,16
150,150187.jpg,18
151,151003.jpg,3
152,152293.jpg,14
153,153071.jpg,3
154,154042.jpg,15
155,155051.jpg,12
156,156180.jpg,2
157,157138.jpg,19
158,158010.jpg,4
159,159157.jpg,16
160,160034.jpg,10
161,161079.jpg,5
162,162375.jpg,3
163,163187.jpg,4
164,164300.jpg,4
165,165131.jpg,13
166,166189.jpg,5
167,167284.jpg,3
168,168099.jpg,12
169,169005.jpg,11
170,170045.jpg,0
171,171200.jpg,19
172,172223.jpg,7
173,173091.jpg,13
174,174101.jpg,10
175,175053.jpg,10
176,176196.jpg,9
177,177171.jpg,10
178,178115.jpg,6
179,179181.jpg,13
180,180039.jpg,19
181,181102.jpg,13
182,182206.jpg,4
183,183043.jpg,3
184,184221.jpg,9
185,185147.jpg,4
186,186130.jpg,12
187,187005.jpg,7
188,188360.jpg,3
189,189012.jpg,17
190,190238.jpg,13
191,191127.jpg,4
192,192208.jpg,4
193,193286.jpg,9
194,194150.jpg,14
195,195153.jpg,6
196,196354.jpg,4
197,197095.jpg,6
198,198165.jpg,1
199,199290.jpg,13
200,200164.jpg,14
201,201236.jpg,3
202,202158.jpg,11
203,203166.jpg,10
204,204104.jpg,18
205,205308.jpg,7
206,206280.jpg,4
207,207301.jpg,3
208,208035.jpg,11
209,209257.jpg,6
210,210264.jpg,10
211,211148.jpg,12
212,212198.jpg,5
213,213051.jpg,5
214,214030.jpg,15
215,215031.jpg,4
216,216062.jpg,12
217,217275.jpg,9
218,218285.jpg,0
219,219268.jpg,13
220,220153.jpg,0
221,221149.jpg,19
222,222221.jpg,8
223,223183.jpg,2
224,224226.jpg,17
225,225163.jpg,9
226,226075.jpg,0
227,227053.jpg,6
228,228110.jpg,4
229,229103.jpg,5
230,230089.jpg,18
231,231272.jpg,10
232,232257.jpg,13
233,233144.jpg,13
234,234015.jpg,19
235,235127.jpg,0
236,236214.jpg,0
237,237029.jpg,9
238,238224.jpg,5
239,239069.jpg,2
240,240116.jpg,3
241,241160.jpg,5
242,242313.jpg,17
243,243348.jpg,7
244,244068.jpg,12
245,245130.jpg,0
246,246067.jpg,12
247,247110.jpg,7
248,248086.jpg,5
249,249177.jpg,5
250,250200.jpg,10
251,251168.jpg,5
252,252041.jpg,6
253,253184.jpg,11
254,254256.jpg,9
255,255257.jpg,4
256,256317.jpg,11
257,257016.jpg,8
258,258048.jpg,14
259,259162.jpg,17
260,260256.jpg,4
261,261058.jpg,0
262,262298.jpg,2
263,263236.jpg,10
264,264194.jpg,9
265,265340.jpg,3
266,266058.jpg,10
267,267140.jpg,13
268,268308.jpg,1
269,269291.jpg,13
270,270118.jpg,7
271,271234.jpg,13
272,272135.jpg,0
273,273190.jpg,0
274,274149.jpg,2
275,275174.jpg,17
276,276232.jpg,10
277,277135.jpg,17
278,278043.jpg,10
279,279211.jpg,11
280,280238.jpg,16
281,281121.jpg,14
282,282345.jpg,7
283,283044.jpg,12
284,284082.jpg,10
285,285001.jpg,10
286,286195.jpg,8
287,287137.jpg,1
288,288036.jpg,7
289,289108.jpg,14
290,290293.jpg,1
291,291249.jpg,9
292,292054.jpg,8
293,293128.jpg,4
294,294118.jpg,15
295,295102.jpg,17
296,296278.jpg,13
297,297017.jpg,0
298,298122.jpg,7
299,299220.jpg,9
300,300253.jpg,11
301,301283.jpg,2
302,302266.jpg,3
303,303007.jpg,3
304,304182.jpg,18
305,305010.jpg,14
306,306231.jpg,7
307,307303.jpg,17
308,308141.jpg,0
309,309288.jpg,5
310,310245.jpg,8
311,311169.jpg,6
312,312003.jpg,6
313,313051.jpg,13
314,314290.jpg,4
315,315145.jpg,8
316,316114.jpg,1
317,317076.jpg,1
318,318028.jpg,14
319,319248.jpg,0
320,320023.jpg,6
321,321037.jpg,0
322,322235.jpg,1
323,323084.jpg,6
324,324097.jpg,6
325,325125.jpg,14
326,326342.jpg,11
327,327013.jpg,5
328,328170.jpg,18
329,329231.jpg,1
330,330077.jpg,13
331,331155.jpg,3
332,332172.jpg,9
333,333168.jpg,1
334,334105.jpg,13
335,335168.jpg,4
336,336170.jpg,8
337,337227.jpg,1
338,338078.jpg,12
339,339032.jpg,3
340,340122.jpg,8
341,341055.jpg,3
342,342007.jpg,5
343,343017.jpg,11
344,344236.jpg,18
345,345100.jpg,16
346,346193.jpg,9
347,347125.jpg,11
348,348165.jpg,9
349,349320.jpg,1
350,350116.jpg,14
351,351353.jpg,3
352,352148.jpg,13
353,353230.jpg,2
354,354042.jpg,11
355,355033.jpg,16
356,356047.jpg,3
357,357152.jpg,4
358,358261.jpg,13
359,359090.jpg,11
360,360023.jpg,2
361,361261.jpg,8
362,362060.jpg,13
363,363100.jpg,17
364,364068.jpg,11
365,365077.jpg,14
366,366240.jpg,8
367,367132.jpg,6
368,368200.jpg,16
369,369060.jpg,19
370,370019.jpg,5
371,371019.jpg,12
372,372205.jpg,7
373,373179.jpg,14
374,374276.jpg,2
375,375275.jpg,17
376,376006.JPG,19
377,377058.jpg,4
378,378296.jpg,3
379,379107.jpg,17
380,380170.jpg,16
381,381275.jpg,7
382,382222.jpg,16
383,383174.jpg,2
384,384151.jpg,11
385,385002.jpg,0
386,386185.jpg,14
387,387255.jpg,6
388,388344.jpg,7
389,389069.jpg,8
391,391313.jpg,7
392,392202.jpg,3
393,393044.jpg,2
394,394229.jpg,19
395,395392.jpg,3
396,396080.jpg,15
397,397176.jpg,8
398,398178.jpg,1
399,399034.jpg,1
400,400302.jpg,17
401,401307.jpg,14
402,402073.jpg,3
403,403282.jpg,0
404,404141.jpg,7
405,405312.jpg,17
406,406006.jpg,12
407,407228.jpg,13
408,408218.jpg,0
409,409242.jpg,4
410,410271.jpg,6
411,411161.jpg,16
412,412171.jpg,7
413,413303.jpg,0
414,414090.jpg,4
415,415023.jpg,18
416,416105.jpg,14
417,417251.jpg,6
418,418020.jpg,1
419,419006.jpg,14
420,420118.jpg,13
421,421202.jpg,12
422,422096.jpg,1
423,423025.jpg,17
424,424189.jpg,10
425,425291.jpg,17
426,426195.jpg,9
427,427157.jpg,1
428,428256.jpg,3
429,429292.jpg,9
430,430276.jpg,14
431,431382.jpg,3
432,432086.jpg,19
433,433120.jpg,1
434,434099.jpg,17
435,435169.jpg,12
436,436235.jpg,11
437,437222.jpg,3
438,438214.jpg,13
439,439049.jpg,9
440,440109.jpg,18
441,441107.jpg,2
442,442034.jpg,18
443,443136.jpg,4
444,444058.jpg,8
445,445232.jpg,19
446,446148.jpg,17
447,447065.jpg,4
448,448170.jpg,5
449,449227.jpg,3
450,450122.jpg,15
451,451248.jpg,6
452,452125.jpg,18
453,453221.jpg,18
454,454274.jpg,6
455,455208.jpg,2
456,456010.jpg,11
457,457010.jpg,6
458,458236.jpg,17
459,459151.jpg,8
460,460133.jpg,3
461,461393.jpg,3
462,462120.jpg,15
463,463064.jpg,12
464,464228.jpg,5
465,465221.jpg,16
466,466407.jpg,3
467,467279.jpg,9
468,468008.jpg,14
469,469237.jpg,16
470,470049.jpg,15
471,471156.jpg,19
472,472144.jpg,14
473,473092.jpg,17
474,474201.jpg,16
475,475048.jpg,10
476,476170.jpg,13
477,477236.jpg,14
478,478143.jpg,11
479,479171.jpg,3
480,480031.jpg,19
481,481234.jpg,9
482,482374.jpg,11
483,483250.jpg,11
484,484111.jpg,13
485,485104.jpg,3
486,486078.jpg,13
487,487123.jpg,0
488,488283.jpg,8
489,489279.jpg,3
490,490101.jpg,1
491,491326.jpg,7
492,492255.jpg,3
493,493108.jpg,17
494,494096.jpg,4
495,495006.jpg,2
496,496109.jpg,14
497,497312.jpg,14
498,498072.jpg,14
499,499005.jpg,19
500,500080.jpg,7
501,501148.jpg,8
502,502213.jpg,11
503,503071.jpg,0
504,504189.jpg,12
505,505039.jpg,6
506,506276.jpg,3
507,507063.jpg,12
508,508096.jpg,8
509,509289.jpg,6
510,510191.jpg,9
511,511096.jpg,15
512,512063.jpg,6
513,513147.jpg,2
514,514076.jpg,7
515,515072.jpg,11
516,516140.jpg,2
517,517020.jpg,2
518,518359.jpg,2
519,519069.jpg,14
520,520003.jpg,10
521,521013.jpg,2
522,522110.jpg,15
523,523174.jpg,7
524,524217.jpg,8
525,525203.jpg,16
526,526219.jpg,0
527,527296.jpg,9
528,528061.jpg,7
529,529288.jpg,11
530,530090.jpg,18
531,531031.jpg,8
532,532270.jpg,17
533,533250.jpg,9
534,534043.jpg,19
535,535023.jpg,7
536,536240.jpg,1
537,537002.jpg,9
538,538150.jpg,5
539,539215.jpg,13
540,540401.jpg,11
541,541233.jpg,2
542,542262.jpg,14
543,543299.jpg,5
544,544134.jpg,4
545,545234.jpg,4
546,546380.jpg,11
547,547045.jpg,10
548,548277.jpg,6
549,549029.jpg,13
550,550254.jpg,13
551,551255.jpg,19
552,552167.jpg,3
553,553024.jpeg,7
554,554139.jpg,17
555,555364.jpg,2
556,556223.jpg,4
557,557160.jpg,14
558,558144.jpg,12
559,559016.jpg,9
560,560091.jpg,17
561,561184.jpg,9
562,562106.jpg,3
563,563215.jpg,10
564,564209.jpg,8
565,565027.jpg,14
566,566074.jpg,17
567,567125.jpg,12
568,568066.jpg,9
569,569047.jpg,18
570,570019.jpg,13
571,571272.jpg,17
572,572275.jpg,0
573,573168.jpg,2
574,574205.jpg,11
575,575009.jpg,8
576,576025.jpg,9
577,577315.jpg,1
578,578083.jpg,11
579,579002.jpg,3
580,580268.jpg,14
581,581238.jpg,0
582,582150.jpg,11
583,583297.jpg,3
584,584184.jpg,2
585,585229.jpg,1
586,586162.jpg,7
587,587221.jpg,3
588,588265.jpg,0
589,589189.jpg,2
590,590260.jpg,7
591,591056.jpg,14
592,592121.jpg,6
593,593313.jpg,4
594,594151.jpg,1
595,595077.jpg,7
596,596232.jpg,14
597,597139.jpg,1
598,598136.jpg,12
599,599034.jpg,8
600,600264.jpg,5
601,601196.jpg,1
602,602212.jpg,10
603,603014.jpg,10
604,604001.jpg,3
605,605004.jpg,7
606,606181.jpg,16
607,607186.jpg,11
608,608108.jpg,19
609,609102.jpg,8
610,610044.jpg,19
611,611043.jpg,14
612,612212.jpg,8
613,613404.jpg,3
614,614294.jpg,2
615,615118.jpg,8
616,616035.jpg,18
617,617115.jpg,8
618,618017.jpg,3
619,619166.jpg,6
620,620113.jpg,14
621,621132.jpg,2
622,622061.jpg,0
623,623327.jpg,11
624,624188.jpg,19
625,625033.jpg,17
626,626332.jpg,11
627,627001.jpg,6
628,628008.jpg,0
629,629020.jpg,9
630,630033.jpg,19
631,631264.jpg,9
632,632043.jpg,4
633,633219.jpg,13
634,634188.jpg,5
635,635264.jpg,8
636,636092.jpg,15
637,637076.jpg,5
638,638193.jpg,16
639,639054.jpg,14
640,640056.jpg,9
641,641191.jpg,11
642,642166.jpg,18
643,643090.jpg,7
644,644216.jpg,3
645,645055.jpg,8
646,646019.jpg,10
647,647160.jpg,2
648,648282.jpg,17
649,649403.jpg,4
650,650009.jpg,13
651,651110.jpg,18
652,652232.jpg,13
653,653178.jpg,7
654,654058.jpg,13
655,655144.jpg,2
656,656330.jpg,2
657,657279.jpg,14
658,658060.jpg,10
659,659053.jpg,8
660,660194.jpg,6
662,662310.jpg,11
663,663303.jpg,4
664,664119.jpg,0
665,665405.jpg,11
666,666085.jpg,3
667,667209.jpg,11
668,668232.jpg,9
669,669012.jpg,13
670,670108.jpg,1
671,671291.jpg,14
672,672270.jpg,11
673,673138.jpg,10
674,674272.jpg,11
675,675148.jpg,1
676,676220.jpg,1
677,677297.jpg,1
678,678197.jpg,5
679,679367.jpg,2
680,680058.jpg,5
681,681244.jpg,8
682,682013.jpg,18
683,683157.jpg,18
684,684045.jpg,12
685,685041.jpg,14
686,686198.jpg,14
687,687003.jpg,16
688,688176.jpg,6
689,689187.jpg,19
690,690312.jpg,4
691,691357.jpg,4
692,692191.jpg,17
693,693196.jpg,12
694,694179.jpg,8
695,695300.jpg,7
696,696160.jpg,12
697,697122.jpg,9
698,698256.jpg,0
699,699087.jpg,18
700,700118.jpg,9
701,701157.jpg,14
702,702052.jpg,10
703,703272.jpg,0
704,704241.jpg,5
705,705116.jpg,10
706,706126.jpg,3
707,707271.jpg,11
708,708030.jpg,6
709,709217.jpg,7
710,710002.jpg,5
711,711097.jpg,12
712,712124.jpg,4
713,713344.jpg,2
714,714076.jpg,2
715,715023.jpg,5
716,716336.jpg,3
717,717186.jpg,10
718,718080.jpg,17
719,719297.jpg,4
720,720297.jpg,2
721,721085.jpg,4
722,722357.jpg,3
723,723080.jpg,14
724,724182.jpg,9
725,725183.jpg,1
726,726077.jpg,17
727,727352.jpg,11
728,728175.jpg,19
729,729337.jpg,11
730,730063.jpg,14
731,731296.jpg,2
732,732075.jpg,17
733,733286.jpg,11
734,734341.jpg,4
735,735358.jpg,11
736,736171.jpg,6
737,737110.jpg,6
738,738298.jpg,1
739,739240.jpg,6
740,740170.jpg,7
741,741190.jpg,1
742,742111.jpg,7
743,743027.jpg,10
744,744079.jpg,11
745,745179.jpg,13
746,746172.jpg,13
747,747170.jpg,9
748,748344.jpg,17
749,749358.jpg,4
750,750062.jpg,4
751,751292.jpg,2
752,752253.jpg,6
753,753335.jpg,7
754,754074.jpg,13
755,755306.jpg,5
756,756192.jpg,9
757,757264.jpg,7
758,758246.jpg,11
759,759198.jpg,0
760,760145.jpg,17
761,761213.jpg,4
762,762163.jpg,3
763,763089.jpg,11
764,764029.jpg,15
765,765017.jpg,17
766,766407.jpg,11
767,767076.jpg,11
768,768018.jpg,1
769,769197.jpg,11
770,770049.jpg,12
771,771170.jpg,10
772,772102.jpg,6
773,773149.jpg,11
774,774126.jpg,19
775,775229.jpg,18
776,776213.jpg,13
777,777255.jpg,8
778,778214.jpg,6
779,779080.jpg,13
780,780197.jpg,19
781,781009.jpg,14
782,782222.jpg,4
783,783063.jpg,19
784,784225.jpg,13
785,785107.jpg,12
786,786107.jpg,4
787,787055.jpg,18
788,788113.jpg,12
789,789142.jpg,11
790,790054.jpg,16
791,791046.jpg,5
792,792182.jpg,5
793,793377.jpg,2
794,794149.jpg,17
795,795076.jpg,18
796,796219.jpg,7
797,797093.jpg,7
798,798181.jpg,12
799,799230.jpg,9
800,800202.jpg,13
801,801130.jpg,2
802,802199.jpg,1
803,803071.jpg,5
804,804115.jpg,12
805,805208.jpg,5
806,806037.jpg,15
807,807210.jpg,8
808,808171.jpg,19
809,809030.jpg,10
810,810226.jpg,0
811,811081.jpg,4
812,812108.jpg,2
813,813408.jpg,3
814,814097.jpg,18
815,815138.jpg,11
816,816207.jpg,6
817,817154.jpg,18
818,818311.jpg,11
819,819213.jpg,3
820,820042.jpg,3
821,821144.jpg,19
822,822271.jpg,7
823,823254.jpg,11
824,824180.jpg,6
825,825076.jpg,3
826,826159.jpg,18
827,827015.jpg,13
828,828116.jpg,17
829,829065.jpg,8
830,830055.jpg,16
831,831163.jpg,7
832,832097.jpg,1
833,833298.jpg,4
834,834207.jpg,5
835,835105.jpg,15
836,836150.jpg,1
837,837036.jpg,18
838,838201.jpg,7
839,839232.jpg,18
840,840259.jpg,11
841,841109.jpg,16
842,842294.jpg,1
843,843167.jpg,19
844,844084.jpg,15
845,845238.jpg,1
846,846276.jpg,13
847,847334.jpg,11
848,848329.jpg,11
849,849051.jpg,10
850,850029.jpg,3
851,851095.jpg,5
852,852320.jpg,17
853,853199.jpg,2
854,854054.jpg,17
855,855085.jpg,19
856,856052.jpg,19
857,857204.jpg,8
858,858022.jpg,5
859,859032.jpg,18
860,860047.jpg,9
861,861011.jpg,10
862,862176.jpg,12
863,863360.jpg,11
864,864128.jpg,6
865,865099.jpg,2
866,866093.jpg,16
867,867215.jpg,14
868,868082.jpg,19
869,869067.jpg,5
870,870185.jpg,17
871,871228.jpg,11
872,872035.jpg,8
873,873063.jpg,17
874,874169.jpg,1
875,875047.jpg,14
876,876058.jpg,15
877,877167.jpg,13
878,878094.jpg,19
879,879105.jpg,11
880,880386.jpg,11
881,881201.jpg,5
882,882167.jpg,0
883,883003.jpg,0
884,884039.jpg,5
885,885215.jpg,5
886,886120.jpg,17
887,887146.jpg,7
888,888122.jpg,4
889,889106.jpg,17
890,890065.jpg,3
891,891083.jpg,12
892,892069.jpg,16
893,893135.jpg,2
894,894090.jpg,6
895,895052.jpg,11
896,896238.jpg,5
897,897226.jpg,2
898,898141.jpg,13
899,899056.jpg,1
900,900089.jpg,1
901,901012.jpg,18
902,902298.jpg,8
903,903250.jpg,13
904,904054.jpg,7
905,905053.jpg,17
906,906067.jpg,16
907,907213.jpg,1
908,908039.jpg,14
909,909123.jpg,14
910,910085.jpg,14
911,911115.jpg,7
912,912204.jpg,7
913,913018.jpg,7
914,914034.jpg,17
915,915154.jpg,7
916,916004.jpg,15
917,917223.jpg,3
918,918084.jpg,3
919,919211.jpg,4
920,920237.jpg,10
921,921093.jpg,0
922,922206.jpg,17
923,923154.jpg,16
924,924191.jpg,3
925,925169.jpg,3
926,926281.jpg,7
927,927248.jpg,5
928,928003.jpg,12
929,929091.jpg,4
930,930281.jpg,14
931,931108.jpg,10
932,932203.jpg,4
933,933279.jpg,2
934,934050.jpg,17
935,935242.jpg,1
936,936051.jpg,6
937,937056.jpg,18
938,938062.jpg,6
939,939033.jpg,9
940,940120.jpg,6
