imagePath,label
0342.jpg,2
1077.jpg,0
2314.jpg,11
3068.jpg,0
4121.jpg,13
5283.jpg,14
6088.jpg,12
7092.jpg,5
8124.jpg,17
9035.jpg,0
10268.jpg,5
11235.jpg,14
12309.jpg,8
13067.jpg,17
14085.jpg,10
15240.jpg,18
16182.jpg,4
17192.jpg,3
18208.jpg,1
19239.jpg,16
20134.jpg,14
21053.jpg,13
22127.jpg,7
23031.jpg,13
24105.jpg,17
25069.jpg,9
26151.jpg,2
27014.jpg,2
28024.jpg,6
29225.jpg,0
30001.jpg,2
31170.jpg,6
32177.jpg,16
33068.jpg,8
34288.jpg,8
35122.jpg,0
36148.jpg,2
37144.jpg,0
38140.jpg,9
39383.jpg,11
40404.jpg,11
41250.jpg,8
42176.jpg,3
43084.jpg,5
44188.jpg,16
45121.jpg,12
46032.jpg,1
47203.jpg,1
48220.jpg,4
49034.jpg,5
50197.jpg,1
51162.jpg,8
52085.jpg,13
53071.jpg,16
54209.jpg,12
55186.jpg,4
56347.jpg,11
57191.jpg,13
58319.jpg,17
59152.jpg,9
60068.jpg,13
61128.jpg,8
62237.jpg,2
63287.jpg,13
64268.jpg,7
65249.jpg,13
66033.jpg,2
67179.jpg,11
68219.jpg,1
69040.jpg,0
70003.jpg,1
71155.jpg,5
72152.jpg,8
73147.jpg,5
74104.jpg,5
75339.jpg,3
76019.jpg,11
77038.jpg,7
78075.jpg,16
79297.jpg,7
80368.jpg,2
81020.jpg,10
82329.jpg,1
83029.jpg,4
84265.jpg,2
85273.jpg,17
86156.jpg,0
87184.jpg,12
88032.jpg,2
89271.jpg,2
90314.jpg,14
91045.jpg,5
92290.jpg,1
93180.jpg,19
94191.jpg,6
95079.jpg,4
96090.jpg,5
97186.jpg,7
98159.jpg,16
99218.jpg,11
100119.jpg,15
101211.jpg,3
102026.jpg,1
103219.jpg,19
104067.jpg,13
105301.jpg,11
106258.jpg,0
107167.jpg,4
108324.jpg,7
109258.jpg,9
110236.jpg,2
111154.jpg,11
112247.jpg,11
113172.jpg,4
114070.jpg,2
115040.jpg,19
116296.jpg,7
117102.jpg,3
118069.jpg,12
119164.jpg,5
120190.jpg,9
121192.jpg,5
122101.jpg,9
123223.jpg,8
124008.jpg,1
125247.jpg,3
126232.jpg,4
127212.jpg,16
128145.jpg,11
129012.jpg,4
130362.jpg,2
131292.jpg,17
132219.jpg,18
133342.jpg,17
134002.jpg,16
135008.jpg,10
13640.jpg,9
137301.jpg,13
138056.jpg,10
139285.jpg,7
140277.jpg,10
141310.jpg,4
142187.jpg,10
143114.jpg,16
144142.jpg,16
145123.jpg,10
146235.jpg,2
147160.jpg,6
148083.jpg,4
149215.jpg,16
150100.jpg,1
151060.jpg,3
152044.jpg,10
153013.jpg,4
154210.jpg,0
155371.jpg,11
156208.jpg,14
157113.jpg,1
158150.jpg,18
159304.jpg,7
160006.jpg,1
161397.jpg,11
162177.jpg,18
163119.jpg,2
164183.jpg,11
165074.jpg,7
166039.jpg,12
167018.jpg,3
168002.jpg,12
169325.jpg,1
170253.jpg,16
171019.jpg,0
172136.jpg,5
173350.jpg,17
174111.jpg,8
175190.jpg,2
176029.jpg,16
177092.jpg,13
178044.jpg,4
179198.jpg,12
180119.jpg,17
181094.jpg,9
182029.jpg,12
183245.jpg,3
184064.jpg,3
185176.jpg,0
186031.jpg,9
187006.JPG,5
188196.jpg,11
189163.jpg,4
190131.jpg,3
191052.jpg,4
192013.jpg,15
193100.jpg,6
194266.jpg,16
195276.jpg,9
196046.jpg,12
197113.jpg,0
198103.jpg,12
199045.jpg,15
200170.jpg,1
201103.jpg,18
202159.jpg,5
203102.jpg,9
204046.jpg,7
205092.jpg,4
206297.jpg,17
207343.jpg,2
208077.jpg,11
209030.jpg,18
210017.jpg,6
211194.jpg,3
212336.jpg,17
213078.jpg,19
214106.jpg,6
215200.jpg,6
216133.jpg,7
217307.jpg,5
218254.jpg,8
219373.jpg,11
220349.jpg,17
221185.jpg,10
222157.jpg,8
223328.jpg,2
224153.jpg,14
225088.jpg,11
226124.jpg,10
227161.jpg,2
228226.jpg,4
229292.jpg,4
230030.jpg,16
231155.jpg,0
232204.jpg,0
233022.jpg,0
234285.jpg,9
235318.jpg,7
236007.jpg,11
237035.jpg,17
238089.jpg,12
239127.jpg,3
240395.jpg,4
241285.jpg,5
242054.jpg,9
243158.jpg,3
244146.jpg,1
245187.jpg,8
246016.jpg,1
247237.jpg,18
248247.jpg,6
249047.jpg,0
250209.jpg,3
251073.jpg,7
252402.jpg,3
253263.jpg,4
254147.jpg,16
255078.jpg,0
256195.jpg,19
257183.jpg,10
258255.jpg,5
259251.jpg,10
260030.jpg,5
261059.jpg,16
262014.jpg,7
263107.jpg,15
264044.jpg,1
265210.jpg,10
266308.jpg,4
267085.jpg,12
268212.jpg,11
269207.jpg,13
270064.jpg,8
271051.jpg,17
272063.jpg,8
273269.jpg,0
274305.jpg,5
275353.jpg,2
276180.jpg,0
277147.jpg,3
278249.jpg,18
279267.jpg,4
280133.jpg,1
281222.jpg,0
282055.jpg,2
283106.jpg,11
284129.jpg,6
285334.jpg,4
286033.jpg,18
287115.jpg,0
288036.jpg,13
289230.jpg,17
290043.jpg,12
291321.jpg,2
292277.jpg,4
293179.jpg,6
294046.jpg,3
295254.jpg,0
296015.JPG,4
297133.jpg,19
298015.jpg,15
299064.jpg,18
300303.jpg,3
301226.jpg,7
302009.jpg,15
303049.jpg,18
304207.jpg,12
305259.jpg,8
306125.jpg,9
307071.jpg,7
308294.jpg,14
309329.jpg,3
310216.jpg,1
311198.jpg,7
312369.jpg,2
313273.jpg,2
314011.jpg,7
315214.jpg,17
316209.jpg,19
317203.jpg,3
318218.jpg,16
319278.jpg,4
320109.jpg,11
321032.jpg,16
322176.jpg,19
323272.jpg,7
324150.jpg,8
325143.jpg,19
326057.jpg,18
327072.jpg,4
328141.jpg,8
329177.jpg,6
330046.jpg,0
331268.jpg,16
332309.jpg,0
333192.jpg,4
334337.jpg,7
335099.jpg,8
336068.jpg,10
337271.jpg,17
338124.jpg,15
339069.jpg,0
340161.jpg,6
341278.jpg,0
342065.jpg,0
343098.jpg,15
344080.jpg,11
345058.jpg,1
346126.jpg,6
347119.jpg,16
348193.jpg,12
349277.jpg,0
350159.jpg,14
351015.jpg,6
352229.jpg,16
353272.jpg,4
354124.jpg,2
355044.jpg,16
356103.jpg,10
357198.jpg,16
358263.jpg,16
359147.jpg,10
360074.jpg,12
361317.jpg,4
362200.jpg,12
363071.jpg,15
364152.jpg,7
365033.jpg,12
366094.jpg,6
367220.jpg,3
368063.jpg,15
369264.jpg,6
370117.jpg,14
371233.jpg,7
372075.jpg,2
373171.jpg,2
374070.jpg,19
375243.jpg,8
376066.jpg,1
377247.jpg,7
378015.jpg,17
379022.jpg,14
380350.jpg,3
381152.jpg,3
382031.jpg,2
383045.jpg,16
384396.jpg,3
385009.jpg,7
386037.jpg,7
387092.jpg,19
388110.jpg,0
389025.jpg,3
390126.jpg,18
391083.jpg,14
392050.jpg,19
393055.jpg,14
394293.jpg,13
395055.jpg,17
396186.jpg,3
397344.jpg,11
398282.jpg,14
399011.jpg,13
400205.jpg,13
401127.jpg,9
402071.jpg,2
403002.jpg,4
404207.jpg,11
405141.jpg,18
406153.jpg,11
407004.jpg,14
408014.JPG,9
409120.jpg,12
410115.jpg,10
411242.jpg,11
412049.jpg,19
413304.jpg,13
414259.jpg,4
415136.jpg,19
416047.jpg,11
417111.jpg,11
418249.jpg,3
419081.jpg,14
420153.jpg,8
421346.jpg,4
422223.jpg,13
423289.jpg,2
424081.jpg,12
425056.jpg,12
426108.jpg,9
427270.jpg,0
428226.jpg,16
429230.jpg,7
430129.jpg,2
431151.jpg,19
432174.jpg,1
433263.jpg,3
434122.jpg,12
435317.jpg,7
436051.jpg,14
437089.jpg,5
438178.jpg,17
439249.jpg,7
440143.jpg,12
441003.jpg,11
442096.jpg,12
443012.JPG,5
444110.jpg,11
445319.jpg,2
446076.jpg,0
447057.jpg,10
448126.jpg,12
449242.jpg,14
450133.jpg,6
451350.jpg,4
452054.jpg,15
453130.jpg,6
454111.jpg,2
455092.jpg,8
456260.jpg,6
457149.jpg,8
458251.jpg,1
459055.jpg,12
460026.jpg,0
461185.jpg,0
462128.jpg,5
463162.jpg,4
464073.jpg,11
465266.jpg,1
466188.jpg,12
467080.jpg,1
468283.jpg,6
469189.jpg,8
470090.jpg,10
471156.jpg,13
472314.jpg,2
473196.jpg,4
474231.jpg,19
475126.jpg,1
476005.jpg,0
477182.jpg,2
478240.jpg,13
479016.jpg,5
480164.jpg,2
481257.jpg,8
482241.jpg,2
483026.jpg,16
484015.jpg,16
485162.jpg,3
486005.jpg,2
487184.jpg,4
488031.jpg,0
489132.jpg,17
490225.jpg,7
491153.jpg,7
492140.jpg,17
493296.jpg,8
494299.jpg,8
495288.jpg,6
496005.jpg,13
497186.jpg,14
498412.jpg,3
499192.jpg,11
500225.jpg,18
501167.jpg,11
502042.jpg,8
503243.jpg,10
504260.jpg,11
505160.jpg,18
506046.jpg,6
507079.jpg,6
508284.jpg,9
509158.jpg,19
510089.jpg,10
511122.jpg,16
512173.jpg,7
513205.jpg,1
514229.jpg,4
515156.jpg,5
516124.jpg,0
517266.jpg,14
518258.jpg,14
519192.jpg,19
520314.jpg,3
521117.jpg,16
522182.jpg,11
523152.jpg,6
524087.jpg,11
525194.jpg,19
526026.jpg,15
527114.jpg,7
528166.jpg,14
529265.jpg,9
530101.jpg,3
531113.jpg,13
532119.jpg,12
533117.jpg,13
534224.jpg,9
535024.jpg,10
536041.jpg,15
537051.jpg,7
538008.jpg,13
539266.jpg,11
540027.jpg,0
541129.jpg,19
542041.jpg,11
543157.jpg,0
544306.jpg,4
545356.jpg,3
546169.jpg,17
547222.jpg,12
548118.jpg,1
549115.jpg,16
550243.jpg,16
551057.jpg,15
552192.jpg,6
553051.jpg,18
554229.jpg,5
555135.jpg,18
556139.jpg,5
557094.jpg,11
558063.jpg,1
559040.jpg,2
560121.jpg,10
561283.jpg,10
562198.jpg,19
563145.jpg,14
564229.jpg,17
565315.jpg,11
566120.jpg,2
567284.jpg,7
568055.jpg,13
569025.jpg,7
570121.jpg,8
571186.jpg,12
572005.jpg,16
573018.jpg,8
574289.jpg,3
575176.jpg,2
576336.jpg,2
577133.jpg,10
578118.jpg,12
579187.jpg,6
580165.jpg,11
581241.jpg,1
582332.jpg,2
583030.jpg,4
584018.jpg,14
585179.jpg,10
586116.jpg,16
587046.jpg,10
588226.jpg,12
589010.jpg,15
590047.jpg,6
591360.jpg,2
592351.jpg,7
593321.jpg,7
594083.jpg,13
595009.jpg,5
596286.jpg,4
597032.jpg,14
598225.jpg,12
599138.jpg,8
600262.jpg,13
601126.jpg,15
602151.jpg,12
603105.jpg,1
604194.jpg,14
605050.jpg,13
606026.jpg,6
607290.jpg,8
608110.jpg,1
609298.jpg,7
610129.jpg,8
611032.jpg,19
612050.jpg,11
613081.jpg,3
614159.jpg,0
615089.jpg,7
616192.jpg,1
617295.jpg,2
618076.jpg,19
619224.jpg,6
620059.jpg,6
621137.jpg,11
622190.jpg,10
623036.jpg,19
624122.jpg,11
625172.jpg,16
626068.jpg,1
627193.jpg,11
628234.jpg,0
629314.jpg,4
630202.jpg,18
631049.jpg,14
632248.jpg,4
633035.jpg,15
634097.jpg,3
635022.jpg,19
636086.jpg,10
637293.jpg,9
638350.jpg,2
639165.jpg,0
640264.jpg,4
641029.jpg,8
642013.jpg,8
643070.jpg,3
644187.jpg,0
645108.jpg,13
646260.jpg,14
647064.jpg,13
648261.jpg,4
649227.jpg,2
650050.jpg,2
651108.jpg,15
652340.jpg,4
653084.jpg,0
654033.jpg,3
655183.jpg,8
656149.jpg,16
657236.jpg,19
658157.jpg,2
659032.jpg,4
660276.jpg,4
661037.jpg,6
662129.jpg,17
663265.jpg,17
664349.jpg,4
665025.jpg,1
666107.jpg,5
667241.jpg,18
668054.jpg,3
669058.jpg,17
670219.jpg,9
671073.jpg,12
672072.jpg,18
673050.jpg,3
674188.jpg,4
675027.jpg,5
676254.jpg,14
677021.jpg,3
678035.jpg,10
679202.jpg,17
680114.jpg,11
681208.jpg,0
682059.jpg,0
683001.jpg,12
684372.jpg,4
685043.jpg,13
686262.jpg,9
687069.jpg,3
688235.jpg,17
689250.jpg,5
690308.jpg,11
691135.jpg,3
692164.jpg,16
693250.jpg,6
694037.jpg,19
695239.jpg,5
696135.jpg,4
697140.jpg,14
698042.jpg,17
699157.jpg,10
700065.jpg,11
701130.jpg,4
702213.jpg,7
703026.jpg,17
704175.jpg,0
705049.jpg,7
706312.jpg,5
707070.jpg,11
708138.jpg,14
709130.jpg,11
710384.jpg,4
711313.jpg,14
712302.jpg,11
713203.jpg,6
714127.jpg,15
715118.jpg,19
716230.jpg,12
717175.jpg,3
718223.jpg,1
719173.jpg,2
720041.jpg,5
721380.jpg,2
722196.jpg,3
723256.jpg,10
724239.jpg,17
725210.jpg,14
726192.jpg,13
727223.jpg,10
728157.jpg,12
729030.jpg,13
730198.jpg,3
731311.jpg,2
732257.jpg,2
733148.jpg,6
734091.jpg,10
735151.jpg,3
736208.jpg,12
737116.jpg,8
738031.jpg,18
739141.jpg,4
740159.jpg,12
741008.jpg,8
742377.jpg,3
743145.jpg,18
744190.jpg,16
745099.jpg,0
746307.jpg,17
747040.jpg,13
748345.jpg,4
749187.jpg,5
750290.jpg,9
751108.jpg,4
752189.jpg,6
753275.jpg,4
754063.jpg,0
755281.jpg,3
756044.jpg,11
757255.jpg,16
758095.jpg,8
759292.jpg,13
760251.jpg,19
761214.jpg,9
762118.jpg,6
763254.jpg,2
764315.jpg,5
765295.jpg,8
766039.jpg,1
767130.jpg,5
768291.jpg,3
769091.jpg,2
770327.jpg,7
771147.jpg,11
772036.jpg,15
773006.jpg,16
774365.jpg,11
775038.jpg,18
776079.jpg,17
777028.JPG,9
778048.jpg,1
779155.jpg,1
780099.jpg,4
781068.jpg,3
782074.jpg,9
783053.jpg,0
784191.jpg,18
785356.jpg,4
786080.jpg,0
787330.jpg,4
788302.jpg,0
789071.jpg,14
790145.jpg,9
791153.jpg,2
792073.jpg,15
793357.jpg,2
794150.jpg,12
795354.jpg,3
796233.jpg,9
797239.jpg,7
798117.jpg,2
799189.jpg,17
800241.jpg,17
801134.jpg,0
802011.jpg,11
803216.jpg,8
804004.jpg,10
805032.jpg,7
806305.jpg,1
807038.jpg,17
808137.jpg,13
809281.jpg,13
810155.jpg,10
811118.jpg,17
812005.jpg,6
813039.jpg,16
814082.jpg,7
815163.jpg,2
816008.jpg,5
817203.jpg,18
818275.jpg,1
819028.jpg,19
820184.jpg,16
821246.jpg,2
822137.jpg,4
823058.jpg,11
824160.jpg,19
825370.jpg,4
826030.jpg,9
827012.jpg,14
828156.jpg,2
829323.jpg,2
830263.jpg,8
831115.jpg,4
832088.jpg,3
833148.jpg,3
834249.jpg,2
835067.jpg,7
836131.jpg,17
837045.jpg,14
838287.jpg,7
839229.jpg,3
840190.jpg,19
841026.jpg,8
842244.jpg,16
843005.jpg,9
844247.jpg,9
845039.jpg,2
846257.jpg,10
847025.jpg,8
848322.jpg,3
849312.jpg,2
850125.jpg,5
851203.jpg,11
852237.jpg,4
853281.jpg,4
854023.jpg,9
855083.jpg,7
856048.jpg,9
857230.jpg,18
858279.jpg,6
859121.jpg,5
860264.jpg,1
861287.jpg,14
862115.jpg,14
863355.jpg,11
864013.jpg,3
865316.jpg,2
866137.jpg,0
867122.jpg,3
868084.jpg,7
869037.jpg,9
870088.jpg,9
871039.jpg,15
872138.jpg,12
873132.jpg,0
874268.jpg,0
875164.jpg,3
876024.jpg,8
877175.jpg,16
878346.jpg,11
879212.jpg,18
880128.jpg,13
881262.jpg,4
882150.jpg,13
883242.jpg,17
884213.jpg,5
885092.jpg,7
886148.jpg,18
887284.jpg,5
888031.jpg,12
889025.jpg,6
890339.jpg,7
891028.jpg,15
892081.jpg,5
893131.jpg,18
894026.jpg,19
895181.jpg,6
896305.jpg,4
897235.jpg,10
898209.jpg,10
899129.jpg,0
900013.jpg,7
901089.jpg,8
902398.jpg,4
903271.jpg,4
904233.jpg,3
905084.jpg,14
906111.jpg,15
907116.jpg,5
908102.jpg,2
909047.jpg,1
910196.jpg,10
911113.jpg,16
912319.jpg,5
913363.jpg,11
914016.jpg,6
915099.jpg,19
916207.jpg,14
917226.jpg,5
918087.jpg,13
919074.jpg,15
920041.jpg,12
921110.jpg,17
922141.jpg,19
923302.jpg,7
924030.jpg,14
925168.jpg,13
926184.jpg,13
927096.jpg,13
928211.jpg,5
929130.jpg,14
930086.jpg,11
931405.jpg,4
932002.jpg,11
933004.jpg,9
934219.jpg,5
935206.jpg,1
936112.jpg,14
937015.jpg,11
938166.jpg,2
939001.jpg,15
940251.jpg,16
941173.jpg,0
942099.jpg,13
943260.jpg,10
944324.jpg,1
945120.jpg,8
946053.jpg,7
947259.jpg,10
948201.jpg,9
949095.jpg,1
950125.jpg,2
951172.jpg,19
952078.jpg,9
953313.jpg,5
954019.JPG,8
955249.jpg,8
956132.jpg,12
957202.jpg,5
958060.jpg,7
959184.jpg,14
960068.jpg,14
961191.jpg,0
962277.jpg,11
963002.jpg,15
964027.jpg,7
965288.jpg,3
966220.jpg,11
967203.jpg,14
968050.jpg,16
969076.jpg,4
970061.jpg,18
971031.jpg,5
972042.jpg,7
973134.jpg,19
974100.jpg,0
975001.jpg,4
976048.jpg,19
977335.jpg,4
978135.jpg,12
979200.jpg,8
980254.jpg,17
981234.jpg,5
982016.jpg,14
983014.jpg,11
984014.JPG,8
985063.jpg,11
986143.jpg,9
987335.jpg,11
988206.jpg,3
989047.jpg,7
990195.jpg,1
991180.jpg,10
992266.jpg,8
993327.jpg,4
994046.jpg,8
995213.jpg,8
996006.jpg,3
997092.jpg,3
998249.jpg,14
999309.jpg,13
1000020.jpg,11
1001324.jpg,17
1002195.jpg,6
1003052.jpg,8
1004319.jpg,14
1005197.jpg,2
1006251.jpg,5
1007147.jpg,1
1008126.jpg,5
1009324.jpg,2
1010113.jpg,7
1011151.jpg,14
1012245.jpg,17
1013374.jpg,3
1014196.jpg,14
1015393.jpg,11
1016244.jpg,17
1017060.jpg,16
1018138.jpg,4
1019261.jpg,2
1020225.jpg,16
1021143.jpg,14
1022016.jpg,7
1023252.jpg,3
1024004.jpg,3
1025014.jpg,1
1026374.jpg,2
1027375.jpg,2
1028167.jpg,17
1029103.jpg,2
1030116.jpg,6
1031051.jpg,4
1032136.jpg,0
1033107.jpg,6
1034324.jpg,11
1035215.jpg,12
1036080.jpg,3
1037069.jpg,15
1038221.jpg,1
1039001.jpg,1
1040100.jpg,8
1041379.jpg,2
1042131.jpg,1
1043190.jpg,11
1044013.jpg,10
1045102.jpg,15
1046231.jpg,13
1047119.jpg,10
1048301.jpg,0
1049248.jpg,11
1050236.jpg,5
1051232.jpg,11
1052388.jpg,4
1053269.jpg,5
1054177.jpg,4
1055266.jpg,17
1056033.jpg,11
1057167.jpg,18
1058181.jpg,18
1059264.jpg,3
1060225.jpg,5
1061269.jpg,17
1062218.jpg,10
1063216.jpg,9
1064348.jpg,11
1065090.jpg,15
1066288.jpg,1
1067177.jpg,10
1068083.jpg,3
1069055.jpg,4
1070173.jpg,11
1071202.jpg,1
1072023.jpg,3
1073280.jpg,14
1074311.jpg,4
1075091.jpg,14
1076217.jpg,5
1077399.jpg,3
1078298.jpg,14
1079096.jpg,10
1080105.jpg,8
1081154.jpg,8
1082355.jpg,2
1083037.jpg,4
1084173.jpg,10
1085139.jpg,3
1086101.jpg,0
1087267.jpg,0
1088099.jpg,5
1089128.jpg,15
1090019.jpg,19
1091278.jpg,2
1092209.jpg,6
1093153.jpg,1
1094196.jpg,19
1095259.jpg,14
1096146.jpg,13
1097010.jpg,16
1098140.jpg,6
1099145.jpg,1
1100136.jpg,10
1101352.jpg,4
1102085.jpg,11
1103284.jpg,14
1104124.jpg,13
1105274.jpg,17
1106220.jpg,6
1107364.jpg,3
1108080.jpg,8
1109060.jpg,0
1110267.jpg,13
1111199.jpg,7
1112004.jpg,8
1113037.jpg,16
1114034.jpg,16
1115181.jpg,1
1116006.jpg,0
1117280.jpg,9
1118144.jpg,11
1119113.jpg,19
1120034.jpg,14
1121293.jpg,2
1122075.jpg,11
1123092.jpg,11
1124284.jpg,11
1125135.jpg,5
1126150.jpg,0
1127315.jpg,3
1128313.jpg,2
1129245.jpg,7
1130099.jpg,7
1131007.jpg,0
1132209.jpg,7
1133097.jpg,19
1134174.jpg,10
1135148.jpg,7
1136198.jpg,18
1137101.jpg,6
1138025.jpg,12
1139122.jpg,6
1140268.jpg,1
1141153.jpg,9
1142330.jpg,7
1143154.jpg,17
1144186.jpg,2
1145399.jpg,4
1146338.jpg,4
1147169.jpg,11
1148121.jpg,19
1149296.jpg,11
1150134.jpg,5
1151077.jpg,6
1152138.jpg,5
1153053.jpg,4
1154002.jpg,2
1155070.jpg,12
1156114.jpg,0
1157070.jpg,10
1158304.jpg,17
1159109.jpg,15
1160188.jpg,7
1161302.jpg,3
1162067.jpg,1
1163057.jpg,12
1164169.jpg,13
1165075.jpg,6
1166155.jpg,14
1167085.jpg,15
1168037.jpg,8
1169172.jpg,7
1170062.jpg,1
1171167.jpg,16
1172169.jpg,7
1173220.jpg,14
1174153.jpg,18
1175163.jpg,6
1176229.jpg,6
1177128.jpg,2
1178224.jpg,1
1179207.jpg,17
1180290.jpg,3
1181236.jpg,0
1182256.jpg,11
1183011.jpg,0
1184145.jpg,5
1185244.jpg,1
1186034.jpg,0
1187229.jpg,13
1188311.jpg,5
1189165.jpg,5
1190146.jpg,0
1191286.jpg,2
1192045.jpg,8
1193044.jpg,0
1194057.jpg,4
1195184.jpg,1
1196392.jpg,11
1197033.jpg,6
1198032.jpg,8
1199259.jpg,7
1200265.jpg,16
1201368.jpg,3
1202248.jpg,13
1203307.jpg,7
1204263.jpg,10
1205060.jpg,4
1206282.jpg,8
1207018.jpg,6
1208131.jpg,14
1209241.jpg,7
1210106.jpg,4
1211138.jpg,18
1212191.jpg,8
1213185.jpg,6
1214100.jpg,7
1215276.jpg,5
1216044.jpg,13
1217204.jpg,1
1218246.jpg,19
1219307.jpg,2
1220241.jpg,3
1221009.jpg,11
1222046.jpg,18
1223095.jpg,9
1224038.jpg,11
1225299.jpg,0
1226052.jpg,5
1227326.jpg,4
1228088.jpg,5
1229066.jpg,7
1230048.jpg,17
1231017.jpg,16
1232235.jpg,18
1233233.jpg,4
1234201.jpg,11
1235269.jpg,11
1236081.jpg,7
1237018.jpg,10
1238255.jpg,9
1239305.jpg,13
1240251.jpg,0
1241189.jpg,7
1242208.jpg,9
1243218.jpg,17
1244022.jpg,7
1245290.jpg,17
1246051.jpg,2
1247195.jpg,3
1248274.jpg,4
1249185.jpg,11
1250020.jpg,13
1251266.jpg,2
1252201.jpg,0
1253265.jpg,14
1254230.jpg,5
1255109.jpg,9
1256267.jpg,3
1257051.jpg,16
1258123.jpg,18
1259339.jpg,4
1260231.jpg,11
1261034.jpg,2
1262156.jpg,1
1263251.jpg,8
1264174.jpg,12
1265052.jpg,2
1266222.jpg,5
1267036.jpg,17
1268081.jpg,8
1269315.jpg,4
1270306.jpg,7
1271196.jpg,8
1272073.jpg,9
1273156.jpg,18
1274327.jpg,2
1275095.jpg,16
1276101.jpg,18
1277319.jpg,4
1278306.jpg,14
1279084.jpg,10
1280007.jpg,9
1281154.jpg,9
1282113.jpg,6
1283213.jpg,10
1284013.jpg,16
1285221.jpg,17
1286166.jpg,9
1287216.jpg,5
1288152.jpg,14
1289294.jpg,13
1290113.jpg,18
1291012.jpg,19
1292275.jpg,2
1293016.jpg,16
1294225.jpg,2
1295069.jpg,1
1296054.jpg,18
1297100.jpg,18
1298147.jpg,12
1299044.jpg,5
1300020.jpg,17
1301119.jpg,8
1302010.jpg,12
1303377.jpg,4
1304129.jpg,1
1305267.jpg,17
1306170.jpg,14
1307021.jpg,18
1308264.jpg,0
1309021.jpg,11
1310219.jpg,2
1311305.jpg,17
1312283.jpg,0
1313246.jpg,13
1314361.jpg,3
1315007.jpg,8
1316069.jpg,18
1317136.jpg,7
1318029.jpg,6
1319100.jpg,12
1320241.jpg,0
1321213.jpg,18
1322088.jpg,2
1323259.jpg,3
1324159.jpg,2
1325141.jpg,17
1326301.jpg,14
1327111.jpg,4
1328205.jpg,12
1329152.jpg,11
1330081.jpg,6
1331144.jpg,6
1332092.jpg,9
1333091.jpg,8
1334309.jpg,3
1335069.jpg,11
1336012.jpg,7
1337227.jpg,9
1338287.jpg,10
1339156.jpg,14
1340178.jpg,11
1341196.jpg,7
1342209.jpg,14
1343291.jpg,11
1344246.jpg,10
1345294.jpg,11
1346255.jpg,0
1347105.jpg,3
1348139.jpg,18
1349034.jpg,15
1350234.jpg,19
1351178.jpg,5
1352001.jpg,19
1353013.jpg,14
1354204.jpg,14
1355268.jpg,10
1356252.jpg,14
1357244.jpg,2
1358249.jpg,5
1359018.jpg,16
1360002.jpg,14
1361103.jpg,17
1362345.jpg,11
1363033.jpg,14
1364339.jpg,11
1365182.jpg,14
1366119.jpg,11
1367143.jpg,6
1368239.jpg,4
1369263.jpg,5
1370165.jpg,10
1371088.jpg,19
1372020.jpg,5
1373021.jpg,17
1374309.jpg,17
1375057.jpg,19
1376085.jpg,5
1377070.jpg,14
1378354.jpg,7
1379028.jpg,8
1380109.jpg,12
1381001.jpg,0
1382011.jpg,14
1383093.jpg,14
1384200.jpg,9
1385193.jpg,5
1386193.jpg,13
1387056.jpg,0
1388022.jpg,1
1389202.jpg,11
1390162.jpg,13
1391228.jpg,6
1392305.jpg,11
1393107.jpg,14
1394008.jpg,7
1395035.jpg,3
1396143.jpg,16
1397003.jpg,17
1398207.jpg,9
1399331.jpg,7
1400201.jpg,1
1401274.jpg,1
1402223.jpg,12
1403314.jpg,7
1404159.jpg,1
1405030.jpg,2
1406233.jpg,13
1407043.jpg,8
1408092.jpg,10
1409066.jpg,12
1410370.jpg,3
1411140.jpg,4
1412199.jpg,18
1413100.jpg,13
1414355.jpg,3
1415094.jpg,13
1416079.jpg,15
1417019.jpg,7
1418128.jpg,19
1419271.jpg,16
1420083.jpg,6
1421104.jpg,19
1422058.jpg,9
1423061.jpg,16
1424292.jpg,1
1425050.jpg,4
1426125.jpg,8
1427133.jpg,0
1428222.jpg,17
1429162.jpg,5
1430273.jpg,10
1431220.jpg,0
1432043.jpg,18
1433284.jpg,4
1434044.jpg,15
1435131.jpg,5
1436333.jpg,3
1437058.jpg,19
1438289.jpg,5
1439230.jpg,14
1440016.jpg,10
1441208.jpg,16
1442241.jpg,11
1443186.jpg,8
1444260.jpg,19
1445322.jpg,17
1446378.jpg,2
1447082.jpg,0
1448093.jpg,8
1449098.jpg,9
1450327.jpg,1
1451213.jpg,17
1452224.jpg,13
1453103.jpg,4
1454179.jpg,12
1455112.jpg,1
1456387.jpg,3
1457144.jpg,7
1458107.jpg,18
1459095.jpg,17
1460200.jpg,11
1461311.jpg,1
1462333.jpg,4
1463352.jpg,3
1464173.jpg,16
1465089.jpg,16
1466278.jpg,9
1467131.jpg,8
1468010.jpeg,7
1469300.jpg,1
1470059.jpg,9
1471347.jpg,7
1472200.jpg,2
1473065.jpg,1
1474293.jpg,8
1475091.jpg,1
1476114.jpg,19
1477024.jpg,19
1478206.jpg,11
1479194.jpg,13
1480281.jpg,17
1481230.jpg,11
1482261.jpg,1
1483227.jpg,11
1484205.jpg,16
1485090.jpg,19
1486147.jpg,8
1487249.jpg,1
1488326.jpg,1
1489240.jpg,2
1490086.jpg,16
1491374.jpg,4
1492138.jpg,7
1493088.jpg,1
1494131.jpg,7
1495039.jpg,10
1496084.jpg,4
1497243.jpg,14
1498394.jpg,11
1499398.jpg,3
1500077.jpg,18
1501075.jpg,5
1502162.jpg,11
1503020.jpg,7
1504027.jpg,11
1505239.jpg,19
1506018.png,9
1507235.jpg,19
1508338.jpg,17
1509205.jpg,2
1510070.jpg,0
1511025.jpg,4
1512273.jpg,8
1513017.jpg,18
1514168.jpg,0
1515237.jpg,3
1516250.jpg,3
1517256.jpg,1
1518226.jpg,11
1519200.jpg,13
1520348.jpg,3
1521107.jpg,7
1522144.jpg,8
1523260.jpg,1
1524260.jpg,2
1525204.jpg,6
1526058.jpg,2
1527040.jpg,12
1528115.jpg,5
1529390.jpg,3
1530122.jpg,1
1531185.jpg,12
1532106.jpg,18
1533113.jpg,15
1534108.jpg,12
1535032.jpg,13
1536258.jpg,6
1537242.jpg,13
1538290.jpg,10
1539103.jpg,6
1540276.jpg,17
1541233.jpg,5
1542228.jpg,18
1543233.jpg,1
1544294.jpg,4
1545011.jpg,17
1546102.jpg,19
1547256.jpg,2
1548243.jpg,7
1549064.jpg,10
1550190.jpg,5
1551310.jpg,1
1552138.jpg,6
1553067.jpg,9
1554294.jpg,8
1555021.jpg,5
1556086.jpg,4
1557126.jpg,16
1558090.jpg,3
1559021.jpg,4
1560300.jpg,11
1561145.jpg,0
1562185.jpg,9
1563233.jpg,6
1564056.jpg,2
1565134.jpg,8
1566125.jpg,19
1567030.jpg,11
1568035.jpg,12
1569411.jpg,4
1570232.jpg,16
1571158.jpg,6
1572162.jpg,19
1573228.jpg,19
1574310.jpg,5
1575010.jpg,19
1576215.jpg,0
1577305.jpg,14
1578186.jpg,5
1579039.jpg,17
1580058.jpg,3
1581242.jpg,2
1582124.jpg,11
1583154.jpg,14
1584075.jpg,13
1585087.jpg,5
1586323.jpg,4
1587104.jpg,16
1588061.jpg,8
1589106.jpg,10
1590164.jpg,11
1591196.jpg,2
1592176.jpg,1
1593049.jpg,11
1594218.jpg,18
1595086.jpg,3
1596133.jpg,18
1597086.jpg,9
1598049.jpg,13
1599260.jpg,4
1600049.jpg,8
1601162.jpg,14
1602231.jpg,0
1603066.jpg,3
1604015.jpg,10
1605333.jpg,2
1606280.jpg,13
1607077.jpg,12
1608008.jpg,19
1609077.jpg,8
1610317.jpg,2
1611012.jpg,11
1612093.jpg,15
1613141.jpg,10
1614165.jpg,17
1615167.jpg,6
1616245.jpg,14
1617133.jpg,13
1618116.jpg,18
1619117.jpg,17
1620228.jpg,3
1621342.jpg,7
1622121.jpg,1
1623291.jpg,4
1624125.jpg,3
1625175.jpg,18
1626153.jpg,3
1627098.jpg,19
1628130.jpg,3
1629210.jpg,9
1630082.jpg,17
1631090.jpg,16
1632029.jpg,5
1633061.jpg,4
1634283.jpg,4
1635136.jpg,17
1636404.jpg,4
1637330.jpg,3
1638276.jpg,1
1639215.jpg,8
1640025.jpg,0
1641225.jpg,3
1642076.jpg,13
1643333.jpg,17
1644005.jpg,12
1645038.jpg,12
1646139.jpg,10
1647006.jpg,9
1648038.jpg,4
1649146.jpg,14
1650169.jpg,0
1651041.jpg,9
1652331.jpg,3
1653189.jpg,0
1654037.jpg,2
1655038.jpg,6
1656294.jpg,0
1657102.jpg,14
1658081.jpg,2
1659261.jpg,3
1660056.jpg,8
1661128.jpg,16
1662046.jpg,16
1663274.jpg,16
1664145.jpg,13
1665135.jpg,19
1666277.jpg,14
1667335.jpg,17
1668026.jpg,9
1669247.jpg,4
1670411.jpg,11
1671100.jpg,5
1672249.jpg,16
1673260.jpg,17
1674075.jpg,18
1675194.jpg,4
1676091.jpg,5
1677205.jpg,9
1678010.jpg,9
1679001.jpg,8
1680003.jpg,5
1681243.jpg,3
1682186.jpg,19
1683059.jpg,12
1684148.jpg,16
1685033.jpg,10
1686089.jpg,17
1687287.jpg,6
1688045.jpg,7
1689119.jpg,13
1690141.jpg,11
1691188.jpg,9
1692255.jpg,7
1693027.jpg,19
1694218.jpg,8
1695311.jpg,7
1696284.jpg,2
1697270.jpg,16
1698182.jpg,7
1699242.jpg,0
1700013.jpg,11
1701006.jpg,17
1702243.jpg,19
1703240.jpg,14
1704292.jpg,3
1705067.jpg,2
1706084.jpg,11
1707308.jpg,17
1708048.jpg,7
1709309.jpg,5
1710243.jpg,17
1711244.jpg,0
1712373.jpg,3
1713079.jpg,19
1714227.jpg,17
1715139.jpg,8
1716132.jpg,1
1717324.jpg,4
1718064.jpg,14
1719136.jpg,2
1720233.jpg,19
1721183.jpg,9
1722011.jpg,12
1723219.jpg,16
1724332.jpg,7
1725209.jpg,0
1726096.jpg,17
1727211.jpg,2
1728396.jpg,4
1729408.jpg,4
1730181.jpg,3
1731135.jpg,8
1732061.jpg,15
1733027.jpg,1
1734262.jpg,0
1735056.jpg,5
1736138.jpg,17
1737259.jpg,6
1738301.jpg,4
1739185.jpg,18
1740056.jpg,17
1741067.jpg,0
1742134.jpg,7
1743142.jpg,17
1744050.jpg,14
1745047.jpg,13
1746186.jpg,18
1747277.jpg,1
1748212.jpg,1
1749129.jpg,18
1750210.jpg,1
1751075.jpg,19
1752168.jpg,14
1753267.jpg,9
1754044.jpg,7
1755121.jpg,7
1756195.jpg,10
1757120.jpg,11
1758187.jpg,11
1759061.jpg,5
1760307.jpg,1
1761164.jpg,8
1762257.jpg,1
1763227.jpg,4
1764083.jpg,17
1765176.jpg,13
1766046.jpg,2
1767102.jpg,10
1768047.jpg,17
1769193.jpg,7
1770162.jpg,16
1771204.jpg,18
1772043.jpg,7
1773070.jpg,17
1774238.jpg,2
1775068.jpg,7
1776289.jpg,9
1777201.jpg,10
1778015.jpg,12
1779005.jpg,18
1780044.jpg,9
1781050.jpg,0
1782202.jpg,14
1783229.jpg,9
1784001.jpg,16
1785136.jpg,14
1786120.jpg,13
1787018.jpg,2
1788289.jpg,10
1789174.jpg,8
1790077.jpg,9
1791193.jpg,17
1792168.jpg,3
1793147.jpg,0
1794054.jpg,0
1795254.jpg,18
1796135.jpg,16
1797113.jpg,4
1798012.jpg,2
1799267.jpg,8
1800138.jpg,0
1801255.jpg,10
1802108.jpg,3
1803122.jpg,10
1804175.jpg,17
1805319.jpg,3
1806306.jpg,1
1807012.jpg,9
1808058.jpg,7
1809009.jpg,9
1810071.jpg,17
1811239.jpg,14
1812242.jpg,19
1813206.jpg,10
1814236.jpg,7
1815285.jpg,8
1816254.jpg,9
1817137.jpg,5
1818095.jpg,15
1819307.jpg,11
1820002.jpg,17
1821057.jpg,5
1822224.jpg,12
1823273.jpg,16
1824259.jpg,2
1825293.jpg,0
1826007.jpg,17
1827139.jpg,9
1828163.jpg,12
1829261.jpg,18
1830082.jpg,12
1831048.jpg,18
1832276.jpg,8
1833031.jpg,1
1834259.jpg,1
1835053.jpg,15
1836248.jpg,8
1837132.jpg,19
1838398.jpg,11
1839111.jpg,16
1840023.jpg,17
1841332.jpg,17
1842281.jpg,9
1843070.jpg,1
1844262.jpg,8
1845094.jpg,1
1846201.jpg,6
1847148.jpg,0
1848140.jpg,5
1849252.jpg,19
1850055.jpg,0
1851254.jpg,4
1852056.jpg,15
1853112.jpg,9
1854108.jpg,7
1855159.jpg,11
1856038.jpg,19
1857202.jpg,0
1858366.jpg,4
1859204.jpg,13
1860266.jpg,13
1861045.jpg,17
1862192.jpg,14
1863231.jpg,4
1864187.jpg,13
1865202.jpg,8
1866171.jpg,13
1867003.jpg,19
1868162.jpg,18
1869180.jpg,18
1870160.jpg,4
1871075.jpg,4
1872144.jpg,10
1873170.jpg,17
1874159.jpg,19
1875032.jpg,15
1876200.jpg,3
1877093.jpg,2
1878117.jpg,8
1879338.jpg,2
1880266.jpg,7
1881354.jpg,11
1882190.jpg,3
1883092.jpg,18
1884057.jpg,13
1885375.jpg,11
1886251.jpg,7
1887284.jpg,8
1888049.jpg,1
1889080.jpg,4
1890182.jpg,10
1891150.jpg,19
1892111.jpg,12
1893209.jpg,1
1894122.jpg,18
1895077.jpg,4
1896314.jpg,5
1897021.JPG,12
1898377.jpg,11
1899176.jpg,4
1900205.jpg,14
1901154.jpg,2
1902270.jpg,1
1903154.jpg,13
1904173.jpg,6
1905216.jpg,16
1906217.jpg,2
1907171.jpg,4
1908070.jpg,6
1909132.jpg,8
1910220.jpg,10
1911024.jpg,5
1912216.jpg,7
1913091.jpg,3
1914246.jpg,18
1915247.jpg,0
1916409.jpg,4
1917059.jpg,11
1918364.jpg,4
1919279.jpg,4
1920207.jpg,4
1921147.jpg,18
1922071.jpg,1
1923157.jpg,11
1924298.jpg,0
1925181.jpg,0
1926058.jpg,18
1927365.jpg,2
1928381.jpg,2
1929116.jpg,12
1930177.jpg,8
1931035.jpg,6
1932159.jpg,4
1933009.jpg,2
1934372.jpg,2
1935196.jpg,6
1936068.jpg,2
1937221.jpg,12
1938388.jpg,11
1939233.jpg,11
1940276.jpg,11
1941326.jpg,17
1942223.jpg,11
1943175.jpg,9
1944159.jpg,3
1945233.jpg,18
1946236.jpg,4
1947326.jpg,3
1948290.jpg,5
1949014.jpg,14
1950204.jpg,10
1951117.jpg,0
1952247.jpg,13
1953121.jpg,2
1954222.jpg,10
1955046.jpg,14
1956160.jpg,3
1957197.jpg,16
1958021.jpg,15
1959288.jpg,7
1960073.jpg,1
1961296.jpg,0
1962315.jpg,7
1963246.jpg,14
1964050.jpg,7
1965040.jpg,1
1966342.jpg,4
1967008.jpg,17
1968235.jpg,3
1969225.jpg,1
1970024.jpg,3
1971177.jpg,13
1972252.jpg,13
1973019.jpg,4
1974082.jpg,9
1975292.jpg,10
1976182.jpg,6
1977381.jpg,3
1978282.jpg,10
1979042.jpg,5
1980064.jpg,2
1981091.jpg,19
1982178.jpg,8
1983032.jpg,11
1984048.jpg,8
1985282.jpg,5
1986009.jpg,19
1987067.jpg,3
1988025.jpg,19
1989012.jpg,0
1990152.jpg,2
1991110.jpg,2
1992020.jpg,3
1993320.jpg,2
1994179.jpg,18
1995373.jpg,4
1996094.jpg,10
1997060.jpg,6
1998074.jpg,8
1999284.jpg,13
2000332.jpg,4
2001079.jpg,0
2002146.jpg,6
2003004.jpg,0
2004195.jpg,0
2005145.jpg,16
2006199.jpg,4
2007046.jpg,19
2008120.jpg,19
2009065.jpg,9
2010136.jpg,6
2011254.jpg,3
2012219.jpg,4
2013295.jpg,5
2014261.jpg,6
2015409.jpg,3
2016206.jpg,9
2017164.jpg,18
2018093.jpg,5
2019240.jpg,9
2020295.jpg,13
2021155.jpg,9
2022023.jpg,16
2023365.jpg,4
2024111.jpg,5
2025184.jpg,17
2026057.jpg,17
2027059.jpg,5
2028211.jpg,14
2029011.jpg,1
2030212.jpg,5
2031061.jpg,6
2032033.jpg,8
2033250.jpg,2
2034126.jpg,2
2035238.jpg,3
2036052.jpg,15
2037174.jpg,18
2038039.jpg,7
2039210.jpg,18
2040174.jpg,4
2041008.JPG,9
2042337.jpg,4
2043073.jpg,6
2044098.jpg,17
2045015.jpg,5
2046021.jpg,0
2047041.jpg,16
2048383.jpg,4
2049006.jpg,10
2050199.jpg,8
2051007.jpg,14
2052135.jpg,14
2053285.jpg,13
2054193.jpg,2
2055152.jpg,17
2056243.jpg,9
2057040.jpg,18
2058087.jpg,12
2059035.jpg,4
2060045.jpg,3
2061068.jpg,6
2062232.jpg,2
2063045.jpg,1
2064302.jpg,5
2065093.jpg,4
2066148.jpg,5
2067019.jpg,18
2068142.jpg,6
2069045.jpg,9
2070233.jpg,17
2071343.jpg,3
2072043.jpg,6
2073304.jpg,11
2074129.jpg,7
2075140.jpg,7
2076128.jpg,12
2077340.jpg,7
2078104.jpg,8
2079238.jpg,8
2080257.jpg,9
2081107.jpg,10
2082042.jpg,2
2083113.jpg,10
2084098.jpg,2
2085233.jpg,10
2086119.jpg,14
2087172.jpg,14
2088172.jpg,8
2089086.jpg,13
2090180.jpg,7
2091029.jpg,11
2092004.jpg,11
2093156.jpg,11
2094079.jpg,2
2095128.jpg,3
2096094.jpg,0
2097202.jpg,2
2098252.jpg,0
2099094.jpg,3
2100019.jpg,9
2101359.jpg,4
2102230.jpg,19
2103150.jpg,4
2104220.jpg,7
2105245.jpg,19
2106173.jpg,12
2107214.jpg,11
2108189.jpg,4
2109247.jpg,2
2110269.jpg,1
2111308.jpg,5
2112048.jpg,3
2113054.jpg,19
2114134.jpg,9
2115008.jpg,16
2116064.jpg,11
2117321.jpg,1
2118166.jpg,8
2119089.jpg,9
2120250.jpg,7
2121134.jpg,13
2122042.jpg,12
2123013.jpg,1
2124107.jpg,0
2125127.jpg,8
2126101.jpg,17
2127119.jpg,1
2128080.jpg,5
2129198.jpg,2
2130235.jpg,8
2131024.jpg,14
2132298.jpg,13
2133282.jpg,6
2134175.jpg,11
2135233.jpg,12
2136184.jpg,19
2137069.jpg,17
2138142.jpg,14
2139210.jpg,6
2140159.jpg,7
2141030.jpg,19
2142013.jpg,13
2143174.jpg,3
2144018.jpg,11
2145312.jpg,3
2146063.jpg,5
2147231.jpg,9
2148166.jpg,7
2149252.jpg,8
2150194.jpg,7
2151194.jpg,2
2152163.jpg,13
2153351.jpg,4
2154046.jpg,11
2155057.jpg,3
2156199.jpg,16
2157213.jpg,12
2158114.jpg,13
2159134.jpg,12
2160382.jpg,11
2161085.jpg,8
2162371.jpg,4
2163239.jpg,13
2164120.jpg,10
2165120.jpg,9
2166106.jpg,14
2167318.jpg,3
2168249.jpg,19
2169011.jpg,2
2170118.jpg,0
2171001.jpg,18
2172143.jpg,10
2173203.jpg,10
2174014.jpg,0
2175214.jpg,4
2176186.jpg,1
2177008.jpg,18
2178252.jpg,6
2179237.jpg,11
2180082.jpg,4
2181208.jpg,13
2182136.jpg,1
2183130.jpg,1
2184007.jpg,2
2185112.jpg,11
2186195.jpg,5
2187009.jpg,4
2188221.jpg,14
2189066.jpg,2
2190331.jpg,2
2191230.jpg,4
2192267.jpg,10
2193107.jpg,3
2194265.jpg,10
2195055.jpg,1
2196154.jpg,0
2197123.jpg,5
2198010.jpg,1
2199304.jpg,2
2200331.jpg,11
2201052.jpg,0
2202293.jpg,5
2203025.jpg,10
2204147.jpg,9
2205278.jpg,17
2206344.jpg,3
2207378.jpg,3
2208236.jpg,1
2209190.jpg,4
2210229.jpg,10
2211173.jpg,19
2212166.jpg,19
2213188.jpg,13
2214011.jpg,19
2215103.jpg,16
2216149.jpg,18
2217276.jpg,6
2218152.jpg,18
2219134.jpg,18
2220132.jpg,16
2221194.jpg,18
2222255.jpg,4
2223121.jpg,17
2224089.jpg,2
2225040.jpg,6
2226227.jpg,16
2227147.jpg,13
2228144.jpg,18
2229220.jpg,18
2230235.jpg,7
2231161.jpg,13
2232043.jpg,0
2233252.jpg,10
2234018.jpg,4
2235103.jpg,3
2236199.jpg,0
2237237.jpg,9
2238159.jpg,13
2239142.jpg,3
2240130.jpg,19
2241022.jpg,12
2242001.jpg,5
2243226.jpg,6
2244066.jpg,10
2245169.jpg,5
2246311.jpg,3
2247091.jpg,6
2248126.jpg,17
2249113.jpg,11
2250085.jpg,9
2251119.jpg,6
2252203.jpg,17
2253147.jpg,14
2254124.jpg,3
2255007.jpg,6
2256278.jpg,5
2257211.jpg,1
2258051.jpg,19
2259059.jpg,10
2260146.jpg,8
2261133.jpg,12
2262351.jpg,2
2263044.jpg,8
2264094.jpg,12
2265114.jpg,5
2266193.jpg,1
2267047.jpg,19
2268036.jpg,14
2269213.jpg,16
2270028.jpg,11
2271025.jpg,18
2272010.jpg,13
2273328.jpg,3
2274160.jpg,8
2275228.jpg,7
2276066.jpg,17
2277072.jpg,6
2278178.jpg,4
2279029.jpg,2
2280306.jpg,2
2281261.jpg,11
2282166.jpg,11
2283218.jpg,6
2284323.jpg,17
2285046.jpg,9
2286063.jpg,13
2287253.jpg,14
2288259.jpg,9
2289268.jpg,3
2290215.jpg,4
2291065.jpg,6
2292073.jpg,14
2293302.jpg,2
2294282.jpg,2
2295047.jpg,5
2296064.jpg,1
2297098.jpg,8
2298244.jpg,9
2299049.jpg,16
2300199.jpg,17
2301183.jpg,5
2302241.jpg,4
2303299.jpg,14
2304001.jpg,17
2305161.jpg,9
2306005.jpg,14
2307140.jpg,3
2308244.jpg,5
2309060.jpg,8
2310025.jpg,16
2311138.jpg,16
2312011.jpg,18
2313220.jpg,19
2314296.jpg,17
2315044.jpg,6
2316087.jpg,6
2317151.jpg,16
2318051.jpg,1
2319308.jpg,13
2320109.jpg,6
2321115.jpg,17
2322221.jpg,2
2323048.jpg,11
2324117.jpg,6
2325066.jpg,16
2326292.jpg,14
2327075.jpg,8
2328130.jpg,17
2329215.jpg,18
2330321.jpg,3
2331116.jpg,2
2332093.jpg,3
2333310.jpg,2
2334263.jpg,6
2335163.jpg,8
2336257.jpg,3
2337259.jpg,18
2338127.jpg,10
2339256.jpg,17
2340166.jpg,5
2341252.jpg,7
2342179.jpg,7
2343109.jpg,13
2344117.jpg,1
2345120.jpg,16
2346157.jpg,4
2347259.jpg,17
2348264.jpg,2
2349065.jpg,10
2350389.jpg,4
2351108.jpg,0
2352252.jpg,2
2353179.jpg,0
2354066.jpg,11
2355060.jpg,11
2356143.jpg,7
2357328.jpg,11
2358280.jpg,0
2359024.JPG,1
2360299.jpg,4
2361025.jpg,2
2362235.jpg,5
2363205.jpg,0
2364203.jpg,8
2365094.jpg,16
2366212.jpg,13
2367146.jpg,10
2368073.jpg,0
2369014.jpg,4
2370149.jpg,0
2371117.jpg,15
2372255.jpg,14
2373151.jpg,9
2374167.jpg,12
2375185.jpg,8
2376064.jpg,17
2377204.jpg,11
2378256.jpg,18
2379186.jpg,17
2380151.jpg,13
2381116.jpg,13
2382205.jpg,4
2383180.jpg,9
2384062.jpg,2
2385225.jpg,4
2386347.jpg,17
2387104.jpg,15
2388126.jpg,4
2389269.jpg,4
2390247.jpg,18
2391004.jpg,6
2392310.jpg,7
2393125.jpg,6
2394191.jpg,2
2395165.jpg,14
2396042.jpg,0
2397161.jpg,7
2398246.jpg,16
2399024.jpg,18
2400142.jpg,2
2401220.jpg,2
2402031.jpg,3
2403131.jpg,4
2404146.jpg,3
2405206.jpg,5
2406221.jpg,11
2407068.jpg,9
2408030.jpg,1
2409127.jpg,16
2410218.jpg,3
2411244.jpg,14
2412164.jpg,6
2413187.jpg,7
2414002.jpg,8
2415272.jpg,13
2416141.jpg,1
2417031.jpg,17
2418180.jpg,17
2419217.jpg,14
2420240.jpg,17
2421106.jpg,19
2422217.jpg,19
2423336.jpg,4
2424197.jpg,17
2425300.jpg,0
2426348.jpg,17
2427245.jpg,5
2428003.jpg,7
2429215.jpg,11
2430295.jpg,11
2431116.jpg,0
2432301.jpg,7
2433166.jpg,1
2434179.jpg,3
2435171.jpg,12
2436279.jpg,11
2437027.jpg,18
2438295.jpg,7
2439031.jpg,11
2440112.jpg,7
2441020.jpg,6
2442061.jpg,1
2443208.jpg,18
2444334.jpg,3
2445193.jpg,10
2446293.jpg,3
2447030.jpg,8
2448084.jpg,19
2449097.jpg,5
2450343.jpg,17
2451155.jpg,18
2452046.jpg,1
2453239.jpg,6
2454110.jpg,5
2455093.jpg,11
2456260.jpg,9
2457291.jpg,9
2458068.jpg,18
2459097.jpg,14
2460318.jpg,14
2461238.jpg,18
2462079.jpg,18
2463125.jpg,10
2464105.jpg,0
2465113.jpg,8
2466139.jpg,14
2467188.jpg,11
2468105.jpg,12
2469397.jpg,3
2470283.jpg,3
2471104.jpg,4
2472047.jpg,2
2473148.jpg,19
2474005.jpg,3
2475077.jpg,3
2476350.jpg,7
2477286.jpg,3
2478020.jpg,15
2479194.jpg,11
2480053.jpg,9
2481147.jpg,6
2482082.jpg,11
2483162.jpg,12
2484176.jpg,18
2485039.jpg,18
2486245.jpg,11
2487146.jpg,11
2488016.jpg,18
2489336.jpg,11
2490070.jpg,7
2491123.jpg,19
2492294.jpg,9
2493070.jpg,4
2494096.jpg,3
2495186.jpg,9
2496275.jpg,10
2497192.jpg,16
2498230.jpg,8
2499172.jpg,1
2500211.jpg,6
2501069.jpg,4
2502326.jpg,2
2503028.jpg,3
2504251.jpg,9
2505274.jpg,11
2506103.jpg,0
2507171.jpg,11
2508202.jpg,7
2509312.jpg,1
2510230.jpg,3
2511049.jpg,4
2512203.jpg,13
2513290.jpg,0
2514129.jpg,13
2515087.jpg,7
2516096.jpg,7
2517105.jpg,16
2518368.jpg,4
2519195.jpg,18
2520046.jpg,4
2521176.jpg,11
2522272.jpg,16
2523286.jpg,1
2524202.jpg,19
2525160.jpg,10
2526088.jpg,13
2527083.jpg,5
2528022.jpg,15
2529242.jpg,3
2530288.jpg,13
2531227.jpg,18
2532123.jpg,7
2533025.jpg,5
2534269.jpg,7
2535308.jpg,3
2536289.jpg,13
2537206.jpg,14
2538290.jpg,14
2539029.jpg,7
2540259.jpg,16
2541160.jpg,11
2542352.jpg,2
2543391.jpg,4
2544400.jpg,11
2545261.jpg,14
2546224.jpg,10
2547281.jpg,2
2548039.jpg,13
2549213.jpg,0
2550044.jpg,14
2551286.jpg,7
2552411.jpg,3
2553163.jpg,14
2554277.jpg,8
2555282.jpg,3
2556006.jpg,8
2557071.jpg,13
2558226.jpg,1
2559240.jpg,11
2560148.jpg,9
2561178.jpg,13
2562049.jpg,2
2563174.jpg,0
2564176.jpg,9
2565073.jpg,18
2566028.jpg,5
2567275.jpg,8
2568191.jpg,7
2569393.jpg,4
2570090.jpg,0
2571389.jpg,3
2572254.jpg,7
2573020.jpg,8
2574213.jpg,2
2575160.jpg,7
2576368.jpg,11
2577253.jpg,13
2578019.jpg,6
2579086.jpg,1
2580187.jpg,9
2581247.jpg,14
2582194.jpg,0
2583366.jpg,3
2584104.jpg,11
2585097.jpg,15
2586179.jpg,9
2587172.jpg,0
2588249.jpg,0
2589027.jpg,15
2590195.jpg,14
2591263.jpg,13
2592129.jpg,3
2593287.jpg,3
2594056.jpg,19
2595258.jpg,2
2596142.jpg,1
2597080.jpg,10
2598214.jpg,1
2599251.jpg,11
2600400.jpg,3
2601209.jpg,16
2602350.jpg,11
2603320.jpg,3
2604370.jpg,2
2605142.jpg,7
2606216.jpg,11
2607006.jpg,6
2608112.jpg,5
2609113.jpg,9
2610045.jpg,13
2611162.jpg,6
2612011.jpg,3
2613182.jpg,3
2614169.jpg,18
2615112.jpg,12
2616009.jpg,1
2617274.jpg,0
2618134.jpg,2
2619143.jpg,0
2620024.jpg,9
2621029.jpg,0
2622086.jpg,12
2623093.jpg,13
2624286.jpg,14
2625266.jpg,4
2626084.jpg,2
2627066.jpg,4
2628206.jpg,7
2629164.jpg,1
2630271.jpg,0
2631017.jpg,2
2632268.jpg,11
2633258.jpg,10
2634048.jpg,16
2635283.jpg,13
2636083.jpg,18
2637031.jpg,7
2638115.jpg,9
2639249.jpg,11
2640174.jpg,9
2641270.jpg,5
2642110.jpg,13
2643303.jpg,8
2644022.jpg,8
2645061.jpg,3
2646329.jpg,7
2647301.jpg,2
2648216.jpg,10
2649011.JPG,8
2650011.jpg,15
2651068.jpg,17
2652028.jpg,0
2653157.jpg,5
2654003.jpg,13
2655198.jpg,11
2656213.jpg,9
2657052.jpg,9
2658136.jpg,9
2659211.jpg,7
2660109.jpg,0
2661161.jpg,4
2662177.jpg,3
2663078.jpg,16
2664201.jpg,2
2665110.jpg,10
2666060.jpg,14
2667235.jpg,4
2668050.jpg,18
2669194.jpg,5
2670160.jpg,16
2671014.jpg,13
2672287.jpg,4
2673192.jpg,7
2674004.jpg,13
2675275.jpg,3
2676088.jpg,16
2677142.jpg,5
2678022.jpg,6
2679362.jpg,3
2680175.jpg,12
2681185.jpg,4
2682277.jpg,3
2683062.jpg,15
2684101.jpg,12
2685167.jpg,10
2686097.jpg,0
2687375.jpg,4
2688047.jpg,10
2689142.jpg,13
2690036.jpg,1
2691285.jpg,6
2692077.jpg,5
2693049.jpg,10
2694149.jpg,6
2695131.jpg,16
2696220.jpg,8
2697212.jpg,6
2698267.jpg,16
2699198.jpg,17
2700205.jpg,10
2701016.jpg,11
2702154.jpg,5
2703078.jpg,6
2704112.jpg,6
2705119.jpg,5
2706219.jpg,11
2707099.jpg,15
2708090.jpg,12
2709026.jpg,11
2710079.jpg,3
2711166.jpg,0
2712217.jpg,13
2713188.jpg,6
2714283.jpg,11
2715121.jpg,9
2716299.jpg,11
2717025.jpg,15
2718100.jpg,10
2719214.jpg,14
2720045.jpg,6
2721177.jpg,2
2722227.jpg,12
2723306.jpg,13
2724131.jpg,6
2725178.jpg,10
2726081.jpg,0
2727179.jpg,5
2728205.jpg,19
2729039.jpg,4
2730106.jpg,2
2731244.jpg,11
2732183.jpg,12
2733131.jpg,19
2734203.jpg,5
2735102.jpg,18
2736204.jpg,9
2737020.jpg,18
2738023.jpg,13
2739207.jpg,10
2740275.jpg,16
2741277.jpg,16
2742281.jpg,11
2743009.jpg,3
2744164.jpg,7
2745390.jpg,4
2746288.jpg,4
2747163.jpg,16
2748266.jpg,6
2749215.jpg,9
2750028.jpg,6
2751143.jpg,2
2752309.jpg,1
2753040.jpg,4
2754185.jpg,3
2755256.jpg,6
2756329.jpg,17
2757062.jpg,8
2758116.jpg,7
2759231.jpg,6
2760234.jpg,3
2761139.jpg,19
2762131.jpg,11
2763002.jpg,1
2764137.jpg,16
2765028.jpg,12
2766162.jpg,2
2767015.jpg,7
2768228.jpg,0
2769177.jpg,12
2770261.jpg,19
2771216.jpg,4
2772127.jpg,11
2773120.jpg,3
2774036.jpg,6
2775215.jpg,19
2776150.jpg,2
2777195.jpg,16
2778128.jpg,9
2779007.jpg,7
2780301.jpg,8
2781114.jpg,17
2782080.jpg,6
2783112.jpg,8
2784193.jpg,14
2785081.jpg,11
2786038.jpg,0
2787098.jpg,18
2788026.jpg,4
2789342.jpg,3
2790092.jpg,14
2791089.jpg,3
2792052.jpg,12
2793014.jpg,19
2794046.jpg,15
2795206.jpg,8
2796029.jpg,14
2797015.jpg,18
2798406.jpg,4
2799015.jpg,14
2800298.jpg,17
2801188.jpg,18
2802157.jpg,3
2803107.jpg,16
2804168.jpg,18
2805172.jpg,12
2806244.jpg,10
2807075.jpg,15
2808109.jpg,5
2809094.jpg,7
2810316.jpg,14
2811075.jpg,12
2812023.jpg,19
2813237.jpg,5
2814269.jpg,9
2815273.jpg,4
2816048.jpg,12
2817380.jpg,4
2818016.jpg,3
2819256.jpg,5
2820003.jpg,15
2821089.jpg,15
2822118.jpg,18
2823089.jpg,19
2824316.jpg,3
2825258.jpg,18
2826022.jpg,9
2827180.jpg,13
2828098.jpg,12
2829111.jpg,1
2830124.jpg,9
2831089.jpg,0
2832175.jpg,6
2833210.jpg,17
2834075.jpg,7
2835112.jpg,13
2836224.jpg,18
2837034.jpg,6
2838249.jpg,17
2839043.jpg,1
2840214.jpg,2
2841206.jpg,0
2842319.jpg,1
2843037.jpg,17
2844090.jpg,8
2845197.jpg,10
2846218.jpg,19
2847234.jpg,16
2848353.jpg,7
2849088.jpg,8
2850199.jpg,10
2851042.jpg,1
2852361.jpg,11
2853119.jpg,18
2854341.jpg,11
2855168.jpg,11
2856109.jpg,10
2857057.jpg,16
2858170.jpg,19
2859131.jpg,9
2860032.jpg,10
2861219.jpg,3
2862100.jpg,11
2863317.jpg,5
2864286.jpg,13
2865108.jpg,11
2866233.jpg,8
2867234.jpg,8
2868174.jpg,6
2869315.jpg,17
2870069.jpg,5
2871287.jpg,8
2872319.jpg,11
2873134.jpg,1
2874305.jpg,3
2875126.jpg,7
2876258.jpg,5
2877300.jpg,2
2878303.jpg,11
2879186.jpg,16
2880207.jpg,18
2881246.jpg,1
2882152.jpg,5
2883351.jpg,17
2884173.jpg,17
2885378.jpg,11
2886184.jpg,6
2887028.jpg,1
2888244.jpg,4
2889284.jpg,0
2890134.jpg,6
2891307.jpg,3
2892234.jpg,17
2893137.jpg,17
2894031.jpg,14
2895198.jpg,8
2896206.jpg,18
2897234.jpg,11
2898093.jpg,10
2899228.jpg,8
2900061.jpg,13
2901101.jpg,5
2902004.jpg,5
2903190.jpg,12
2904026.jpg,14
2905059.jpg,4
2906275.jpg,11
2907101.jpg,13
2908171.jpg,8
2909096.jpg,5
2910248.jpg,18
2911262.jpg,7
2912041.jpg,19
2913142.jpg,18
2914103.jpg,9
2915041.jpg,18
2916133.jpg,14
2917180.jpg,8
2918235.jpg,13
2919366.jpg,11
2920026.jpg,18
2921117.jpg,3
2922187.jpg,3
2923170.jpg,12
2924276.jpg,10
2925236.jpg,16
2926216.jpg,14
2927008.jpg,2
2928325.jpg,3
2929055.jpg,6
2930309.jpg,11
2931195.jpg,7
2932010.jpg,0
2933309.jpg,14
2934280.jpg,1
2935146.jpg,16
2936072.jpg,3
2937222.jpg,18
2938021.jpg,8
2939178.jpg,18
2940093.jpg,9
2941254.jpg,5
2942151.jpg,6
2943280.jpg,8
2944058.jpg,16
2945090.jpg,2
2946218.jpg,5
2947242.jpg,18
2948124.jpg,7
2949080.jpg,18
2950004.jpg,16
2951221.jpg,10
2952187.jpg,2
2953326.jpg,11
2954255.jpg,13
2955155.jpg,17
2956257.jpg,18
2957277.jpg,2
2958225.jpg,17
2959260.jpg,0
2960190.jpg,7
2961220.jpg,16
2962087.jpg,4
2963094.jpg,18
2964072.jpg,8
2965222.jpg,9
2966132.jpg,11
2967026.jpg,5
2968160.jpg,17
2969109.jpg,8
2970130.jpg,18
2971255.jpg,18
2972151.jpg,10
2973168.jpg,9
2974286.jpg,6
2975116.jpg,4
2976272.jpg,8
2977078.jpg,11
2978001.jpg,14
2979209.jpg,13
2980149.jpg,4
2981303.jpg,7
2982071.jpg,19
2983131.jpg,2
2984020.jpg,16
2985182.jpg,0
2986401.jpg,3
2987224.jpg,3
2988334.jpg,7
2989087.jpg,2
2990273.jpg,7
2991243.jpg,2
2992138.jpg,9
2993137.jpg,9
2994311.jpg,17
2995217.jpg,3
2996127.jpg,1
2997156.jpg,8
2998273.jpg,5
2999129.jpg,12
3000339.jpg,17
3001260.jpg,3
3002243.jpg,6
3003015.jpg,0
3004173.jpg,4
3005210.jpg,19
3006023.jpg,8
3007161.jpg,12
3008185.jpg,1
3009191.jpg,14
3010180.jpg,1
3011112.jpg,0
3012013.jpg,9
3013027.jpg,2
3014234.jpg,6
3015219.jpg,8
3016018.jpg,5
3017043.jpg,17
3018240.jpg,19
3019154.jpg,12
3020010.jpg,8
3021078.jpg,15
3022223.jpg,19
3023062.jpg,19
3024019.jpg,2
3025207.jpg,16
3026099.jpg,6
3027285.jpg,2
3028095.jpg,7
3029022.jpg,2
3030260.jpg,16
3031152.jpg,16
3032087.jpg,14
3033104.jpg,6
3034078.jpg,4
3035228.jpg,10
3036158.jpg,16
3037211.jpg,19
3038181.jpg,14
3039245.jpg,18
3040112.jpg,4
3041322.jpg,4
3042280.jpg,6
3043128.jpg,11
3044149.jpg,5
3045010.jpg,3
3046161.jpg,5
3047012.jpg,10
3048360.jpg,4
3049199.jpg,11
3050198.jpg,4
3051167.jpg,2
3052116.jpg,11
3053251.jpg,3
3054064.jpg,0
3055056.jpg,13
3056139.jpg,7
3057068.jpg,19
3058296.jpg,14
3059026.jpg,7
3060010.jpg,2
3061019.jpg,1
3062235.jpg,9
3063163.jpg,10
3064233.jpg,14
3065252.jpg,18
3066276.jpg,7
3067286.jpg,8
3068204.jpg,2
3069282.jpg,11
3070107.jpg,1
3071086.jpg,17
3072103.jpg,14
3073006.jpg,13
3074149.jpg,9
3075061.jpg,9
3076250.jpg,16
3077157.jpg,17
3078098.jpg,4
3079004.jpg,12
3080300.jpg,17
3081123.jpg,3
3082083.jpg,9
3083248.jpg,7
3084300.jpg,5
3085242.jpg,10
3086079.jpg,13
3087114.jpg,3
3088328.jpg,7
3089189.jpg,1
3090065.jpg,2
3091191.jpg,10
3092098.jpg,13
3093139.jpg,2
3094196.jpg,16
3095114.jpg,2
3096316.jpg,17
3097271.jpg,10
3098180.jpg,14
3099040.jpg,8
3100299.jpg,3
3101297.jpg,13
3102184.jpg,7
3103115.jpg,18
3104142.jpg,9
3105133.jpg,5
3106189.jpg,19
3107076.jpg,16
3108288.jpg,17
3109125.jpg,17
3110139.jpg,4
3111105.jpg,19
3112078.jpg,10
3113035.jpg,7
3114063.jpg,16
3115038.jpg,10
3116064.jpg,15
3117034.jpg,13
3118181.jpg,7
3119153.jpg,5
3120092.jpg,1
3121106.jpg,8
3122243.jpg,1
3123332.jpg,3
3124137.jpg,2
3125100.jpg,3
3126083.jpg,8
3127178.jpg,14
3128130.jpg,8
3129041.jpg,13
3130147.jpg,19
3131183.jpg,13
3132211.jpg,12
3133224.jpg,7
3134023.jpg,4
3135230.jpg,10
3136273.jpg,3
3137204.jpg,19
3138285.jpg,1
3139154.jpg,6
3140170.jpg,11
3141280.jpg,3
3142036.jpg,5
3143022.jpg,4
3144376.jpg,3
3145245.jpg,13
3146177.jpg,1
3147257.jpg,5
3148017.jpg,13
3149363.jpg,2
3150304.jpg,0
3151029.jpg,17
3152133.jpg,9
3153308.jpg,2
3154111.jpg,17
3155283.jpg,7
3156267.jpg,11
3157322.jpg,11
3158053.jpg,14
3159343.jpg,4
3160296.jpg,5
3161193.jpg,4
3162261.jpg,0
3163158.jpg,2
3164119.jpg,3
3165239.jpg,9
3166067.jpg,4
3167227.jpg,7
3168256.jpg,8
3169063.jpg,10
3170204.jpg,17
3171274.jpg,9
3172124.jpg,1
3173226.jpg,8
3174210.jpg,16
3175008.jpg,15
3176047.jpg,4
3177107.jpg,8
3178256.jpg,13
3179277.jpg,9
3180016.jpg,0
3181209.jpg,17
3182188.jpg,0
3183289.jpg,11
3184161.jpg,8
3185098.jpg,14
3186270.jpg,2
3187291.jpg,2
3188154.jpg,1
3189087.jpg,17
3190390.jpg,11
3191349.jpg,7
3192262.jpg,17
3193323.jpg,11
3194193.jpg,0
3195321.jpg,5
3196120.jpg,18
3197252.jpg,17
3198237.jpg,19
3199036.jpg,8
3200410.jpg,3
3201278.jpg,3
3202241.jpg,16
3203232.jpg,17
3204358.jpg,2
3205103.jpg,11
3206122.jpg,2
3207340.jpg,11
3208102.jpg,1
3209237.jpg,14
3210095.jpg,4
3211068.jpg,5
3212003.jpg,2
3213292.jpg,8
3214067.jpg,14
3215040.jpg,16
3216269.jpg,6
3217038.jpg,3
3218253.jpg,4
3219244.jpg,3
3220107.jpg,9
3221042.jpg,19
3222070.jpg,16
3223041.jpg,3
3224041.jpg,7
3225049.jpg,6
3226258.jpg,16
3227220.jpg,12
3228228.jpg,12
3229065.jpg,18
3230265.jpg,5
3231303.jpg,5
3232007.jpg,18
3233189.jpg,9
3234033.jpg,1
3235409.jpg,11
3236385.jpg,4
3237138.jpg,1
3238198.jpg,6
3239265.jpg,6
3240358.jpg,3
3241158.jpg,0
3242057.jpg,14
3243220.jpg,5
3244020.jpg,19
3245158.jpg,12
3246176.jpg,16
3247301.jpg,5
3248156.jpg,12
3249168.jpg,7
3250352.jpg,7
3251237.jpg,13
3252304.jpg,4
3253186.jpg,6
3254239.jpg,1
3255240.jpg,7
3256131.jpg,10
3257124.jpg,16
3258347.jpg,4
3259119.jpg,9
3260204.jpg,12
3261327.jpg,17
3262120.jpg,0
3263084.jpg,9
3264059.jpg,17
3265056.jpg,3
3266098.jpg,5
3267123.jpg,16
3268206.jpg,12
3269031.jpg,15
3270306.jpg,3
3271002.jpg,10
3272395.jpg,3
3273085.jpg,17
3274153.jpg,12
3275079.jpg,12
3276031.jpg,6
3277055.jpg,9
3278087.jpg,9
3279184.jpg,10
3280220.jpg,17
3281061.jpg,17
3282035.jpg,2
3283245.jpg,6
3284018.jpg,18
3285177.jpg,7
3286165.jpg,13
3287124.jpg,14
3288133.jpg,16
3289245.jpg,9
3290006.jpg,18
3291256.jpg,19
3292123.jpg,12
3293267.jpg,6
3294079.jpg,14
3295057.jpg,0
3296060.jpg,12
3297042.jpg,14
3298097.jpg,17
3299236.jpg,8
3300007.jpg,10
3301070.jpg,18
3302205.jpg,6
3303200.jpg,4
3304140.jpg,12
3305294.jpg,7
3306023.jpg,15
3307114.jpg,4
3308145.jpg,19
3309343.jpg,11
3310216.jpg,0
3311310.jpg,17
3312001.jpg,9
3313355.jpg,7
3314235.jpg,12
3315092.jpg,0
3316059.jpg,18
3317129.jpg,10
3318111.jpg,3
3319262.jpg,1
3320065.jpg,16
3321277.jpg,5
3322196.jpg,17
3323021.jpg,19
3324071.jpg,6
3325125.jpg,0
3326275.jpg,6
3327098.jpg,7
3328369.jpg,3
3329032.jpg,17
3330380.jpg,3
3331208.jpg,19
3332238.jpg,11
3333161.jpg,18
3334203.jpg,9
3335280.jpg,7
3336039.jpg,3
3337243.jpg,11
3338216.jpg,17
3339085.jpg,16
3340083.jpg,10
3341035.jpg,5
3342099.jpg,3
3343217.jpg,4
3344038.jpg,1
3345100.jpg,4
3346075.jpg,1
3347177.jpg,9
3348192.jpg,18
3349003.jpg,4
3350205.jpg,8
3351224.jpg,4
3352169.jpg,10
3353037.jpg,1
3354289.jpg,7
3355162.jpg,10
3356071.jpg,18
3357271.jpg,9
3358104.jpg,9
3359021.jpg,10
3360314.jpg,1
3361238.jpg,7
3362135.jpg,13
3363341.jpg,17
3364237.jpg,12
3365022.jpg,17
3366100.jpg,14
3367113.jpg,3
3368145.jpg,3
3369047.jpg,8
3370129.jpg,11
3371285.jpg,14
3372381.jpg,4
3373109.jpg,1
3374253.jpg,8
3375270.jpg,3
3376222.jpg,1
3377189.jpg,18
3378151.jpg,7
3379328.jpg,17
3380287.jpg,17
3381274.jpg,5
3382227.jpg,10
3383265.jpg,7
3384039.jpg,9
3385201.jpg,19
3386149.jpg,10
3387343.jpg,7
3388364.jpg,11
3389098.jpg,11
3390091.jpg,15
3391126.jpg,9
3392038.jpg,5
3393034.jpg,19
3394103.jpg,15
3395080.jpg,9
3396217.jpg,9
3397186.jpg,0
3398140.jpg,0
3399029.jpg,1
3400242.jpg,5
3401034.jpg,7
3402234.jpg,18
3403155.jpg,19
3404209.jpg,2
3405135.jpg,7
3406244.jpg,18
3407241.jpg,8
3408176.jpg,14
3409172.jpg,3
3410367.jpg,4
3411084.jpg,16
3412155.jpg,12
3413022.jpg,10
3414166.jpg,17
3415126.jpg,13
3416256.jpg,7
3417172.jpg,10
3418279.jpg,8
3419304.jpg,3
3420016.jpg,13
3421263.jpg,14
3422346.jpg,2
3423002.jpg,13
3424069.jpg,13
3425267.jpg,1
3426053.jpg,18
3427053.jpg,16
3428058.jpg,6
3429132.jpg,4
3430030.jpg,12
3431397.jpg,4
3432085.jpg,6
3433182.jpg,12
3434206.jpg,2
3435064.jpg,6
3436185.jpg,19
3437148.jpg,14
3438232.jpg,7
3439108.jpg,6
3440076.jpg,12
3441073.jpg,4
3442058.jpg,14
3443210.jpg,12
3444132.jpg,7
3445239.jpg,10
3446062.jpg,10
3447221.jpg,0
3448285.jpg,17
3449385.jpg,11
3450303.jpg,1
3451061.jpg,14
3452029.jpg,10
3453064.jpg,4
3454088.jpg,6
3455003.jpg,9
3456112.jpg,17
3457329.jpg,2
3458053.jpg,2
3459323.jpg,7
3460120.jpg,5
3461201.jpg,13
3462229.jpg,14
3463020.jpg,12
3464232.jpg,6
3465008.jpg,11
3466290.jpg,7
3467117.jpg,12
3468105.jpg,5
3469158.jpg,17
3470150.jpg,3
3471156.jpg,6
3472325.jpg,7
3473234.jpg,7
3474337.jpg,2
3475166.jpg,4
3476266.jpg,10
3477126.jpg,10
3478165.jpg,19
3479281.jpg,10
3480141.jpg,3
3481264.jpg,13
3482252.jpg,16
3483107.jpg,13
3484033.jpg,13
3485207.jpg,7
3486265.jpg,1
3487188.jpg,8
3488133.jpg,8
3489189.jpg,13
3490117.jpg,10
3491218.jpg,13
3492264.jpg,11
3493259.jpg,19
3494106.jpg,13
3495149.jpg,12
3496234.jpg,12
3497306.jpg,17
3498185.jpg,16
3499038.jpg,9
3500312.jpg,11
3501256.jpg,14
3502188.jpg,2
3503026.jpg,12
3504242.jpg,9
3505121.jpg,16
3506073.jpg,17
3507363.jpg,3
3508016.jpg,2
3509213.jpg,19
3510175.jpg,7
3511074.jpg,10
3512014.jpg,18
3513110.jpg,16
3514212.jpg,19
3515396.jpg,11
3516179.jpg,19
3517167.jpg,5
3518084.jpg,8
3519073.jpg,16
3520128.jpg,18
3521090.jpg,14
3522164.jpg,12
3523154.jpg,10
3524141.jpg,5
3525163.jpg,0
3526024.jpg,2
3527356.jpg,2
3528078.jpg,2
3529284.jpg,17
3530139.jpg,0
3531176.jpg,5
3532052.jpg,7
3533403.jpg,11
3534223.jpg,9
3535212.jpg,7
3536082.jpg,14
3537058.jpg,12
3538200.jpg,14
3539014.jpg,17
3540017.jpg,15
3541076.jpg,14
3542222.jpg,6
3543010.jpg,5
3544055.jpg,10
3545195.jpg,4
3546142.jpg,12
3547110.jpg,8
3548052.jpg,14
3549218.jpg,1
3550017.jpg,4
3551102.jpg,4
3552359.jpg,11
3553104.jpg,17
3554069.jpg,7
3555274.jpg,7
3556168.jpg,12
3557076.jpg,6
3558053.jpg,12
3559057.jpg,8
3560097.jpg,16
3561163.jpg,5
3562275.jpg,14
3563139.jpg,12
3564079.jpg,10
3565166.jpg,3
3566067.jpg,8
3567248.jpg,9
3568130.jpg,7
3569072.jpg,19
3570223.jpg,5
3571193.jpg,3
3572083.jpg,1
3573269.jpg,3
3574082.jpg,8
3575023.jpg,10
3576359.jpg,3
3577117.jpg,9
3578097.jpg,11
3579181.jpg,5
3580378.jpg,4
3581251.jpg,2
3582059.jpg,19
3583341.jpg,3
3584349.jpg,3
3585207.jpg,19
3586353.jpg,11
3587192.jpg,0
3588117.jpg,4
3589281.jpg,1
3590021.jpg,2
3591030.jpg,3
3592178.jpg,16
3593232.jpg,0
3594249.jpg,6
3595289.jpg,1
3596060.jpg,5
3597189.jpg,11
3598036.jpg,9
3599251.jpg,4
3600122.jpg,13
3601251.jpg,14
3602310.jpg,14
3603385.jpg,3
3604057.jpg,6
3605224.jpg,19
3606201.jpg,8
3607027.jpg,6
3608036.jpg,4
3609086.jpg,15
3610310.jpg,13
3611033.jpg,0
3612132.jpg,18
3613072.jpg,5
3614094.jpg,14
3615197.jpg,12
3616146.jpg,5
3617104.jpg,7
3618254.jpg,19
3619298.jpg,11
3620246.jpg,17
3621402.jpg,4
3622115.jpg,11
3623012.jpg,15
3624034.jpg,11
3625317.jpg,1
3626269.jpg,16
3627009.jpg,0
3628043.jpg,15
3629289.jpg,14
3630135.jpg,6
3631210.jpg,5
3632152.jpg,13
3633081.jpg,19
3634022.jpg,18
3635004.jpg,17
3636062.jpg,13
3637214.jpg,3
3638011.jpg,4
3639272.jpg,5
3640043.jpg,16
3641319.jpg,7
3642074.jpg,0
3643068.jpg,15
3644245.jpg,1
3645214.jpg,5
3646386.jpg,3
3647132.jpg,5
3648322.jpg,1
3649207.jpg,2
3650338.jpg,7
3651180.jpg,3
3652059.jpg,7
3653094.jpg,5
3654095.jpg,0
3655181.jpg,2
3656224.jpg,16
3657007.jpg,19
3658140.jpg,16
3659201.jpg,12
3660061.jpg,11
3661263.jpg,9
3662317.jpg,17
3663244.jpg,7
3664065.jpg,7
3665280.jpg,5
3666028.jpg,2
3667208.jpg,8
3668241.jpg,9
3669094.jpg,4
3670308.jpg,0
3671341.jpg,2
3672238.jpg,6
3673251.jpg,18
3674317.jpg,14
3675193.jpg,8
3676250.jpg,19
3677023.jpg,11
3678288.jpg,14
3679245.jpg,16
3680234.jpg,1
3681017.jpg,10
3682234.jpg,10
3683267.jpg,7
3684048.jpg,5
3685070.jpg,8
3686295.jpg,17
3687155.jpg,7
3688373.jpg,2
3689159.jpg,8
3690388.jpg,3
3691315.jpg,2
3692257.jpg,14
3693383.jpg,3
3694333.jpg,7
3695105.jpg,6
3696114.jpg,14
3697111.jpg,14
3698056.jpg,16
3699144.jpg,5
3700164.jpg,10
3701278.jpg,11
3702245.jpg,10
3703270.jpg,8
3704229.jpg,7
3705233.jpg,16
3706248.jpg,19
3707231.jpg,17
3708285.jpg,10
3709299.jpg,17
3710188.jpg,17
3711017.jpg,14
3712313.jpg,11
3713157.jpg,9
3714190.jpg,8
3715112.jpg,2
3716302.jpg,4
3717362.jpg,11
3718089.jpg,14
3719129.jpg,5
3720260.jpg,8
3721244.jpg,6
3722116.jpg,1
3723238.jpg,19
3724036.jpg,12
3725110.jpg,9
3726153.jpg,16
3727032.jpg,9
3728236.jpg,11
3729207.jpg,8
3730128.jpg,10
3731169.jpg,16
3732246.jpg,6
3733291.jpg,7
3734208.jpg,7
3735114.jpg,8
3736250.jpg,18
3737299.jpg,2
3738325.jpg,4
3739192.jpg,8
3740278.jpg,8
3741156.jpg,9
3742100.jpg,19
3743318.jpg,11
3744239.jpg,18
3745279.jpg,7
3746345.jpg,3
3747413.jpg,3
3748129.jpg,14
3749021.jpg,16
3750073.jpg,19
3751267.jpg,14
3752282.jpg,9
3753322.jpg,7
3754078.jpg,8
3755085.jpg,0
3756210.jpg,11
3757155.jpg,16
3758205.jpg,18
3759101.jpg,16
3760124.jpg,19
3761053.jpg,3
3762174.jpg,16
3763144.jpg,3
3764063.jpg,18
3765163.jpg,11
3766329.jpg,4
3767073.jpg,8
3768129.jpg,16
3769193.jpg,6
3770132.jpg,14
3771032.jpg,6
3772072.jpg,2
3773222.jpg,19
3774307.jpg,4
3775038.jpg,13
3776124.jpg,8
3777197.jpg,9
3778127.jpg,12
3779282.jpg,1
3780171.jpg,18
3781335.jpg,3
3782199.jpg,19
3783101.jpg,11
3784207.jpg,0
3785222.jpg,2
3786183.jpg,6
3787318.jpg,1
3788081.jpg,9
3789082.jpg,1
3790225.jpg,14
3791161.jpg,1
3792202.jpg,6
3793179.jpg,16
3794288.jpg,0
3795222.jpg,13
3796062.jpg,18
3797161.jpg,19
3798387.jpg,11
3799072.jpg,0
3800257.jpg,0
3801055.jpg,19
3802106.jpg,1
3803268.jpg,4
3804102.jpg,11
3805258.jpg,3
3806245.jpg,4
3807137.jpg,19
3808070.jpg,5
3809071.jpg,9
3810384.jpg,11
3811171.jpg,1
3812175.jpg,2
3813267.jpg,2
3814214.jpg,8
3815257.jpg,17
3816258.jpg,7
3817213.jpg,6
3818211.jpg,16
3819187.jpg,1
3820177.jpg,19
3821130.jpg,15
3822101.jpg,4
3823144.jpg,16
3824047.jpg,16
3825075.jpg,3
3826069.jpg,10
3827187.jpg,12
3828156.jpg,4
3829180.jpg,4
3830060.jpg,17
3831095.jpg,3
3832088.jpg,15
3833181.jpg,10
3834174.jpg,14
3835016.jpg,4
3836169.jpg,9
3837125.jpg,1
3838123.jpg,11
3839150.jpg,6
3840036.jpg,3
3841089.jpg,4
3842070.jpg,15
3843097.jpg,10
3844040.jpg,5
3845148.jpg,11
3846081.jpg,1
3847217.jpg,16
3848107.jpg,11
3849239.jpg,8
3850143.jpg,4
3851165.jpg,18
3852034.jpg,9
3853128.jpg,7
3854039.jpg,11
3855027.jpg,4
3856011.jpg,16
3857086.jpg,0
3858204.jpg,16
3859025.jpg,11
3860327.jpg,3
3861278.jpg,10
3862230.jpg,16
3863143.jpg,1
3864132.jpg,9
3865044.jpg,3
3866041.jpg,4
3867325.jpg,2
3868211.jpg,10
3869289.jpg,17
3870324.jpg,3
3871161.jpg,11
3872125.jpg,4
3873188.jpg,14
3874121.jpg,4
3875229.jpg,8
3876123.jpg,9
3877202.jpg,9
3878400.jpg,4
3879406.jpg,11
3880369.jpg,11
3881123.jpg,6
3882141.jpg,9
3883300.jpg,14
3884305.jpg,7
3885023.jpg,0
3886222.jpg,11
3887253.jpg,18
3888136.jpg,18
3889057.jpg,7
3890321.jpg,17
3891183.jpg,4
3892129.jpg,15
3893049.jpg,3
3894247.jpg,5
3895095.jpg,18
3896311.jpg,13
3897137.jpg,10
3898304.jpg,14
3899029.jpg,18
3900024.jpg,13
3901191.jpg,19
3902103.jpg,1
3903279.jpg,13
3904079.jpg,16
3905276.jpg,16
3906348.jpg,2
3907167.jpg,7
3908132.jpg,10
3909017.jpg,7
3910093.jpg,12
3911243.jpg,13
3912018.jpg,0
3913053.jpg,5
3914108.jpg,18
3915165.jpg,8
3916323.jpg,3
3917263.jpg,7
3918165.jpg,3
3919095.jpg,12
3920064.jpg,9
3921112.jpg,16
3922056.jpg,7
3923031.jpg,10
3924257.jpg,16
3925050.jpg,5
3926028.jpg,17
3927194.jpg,8
3928384.jpg,3
3929129.jpg,4
3930140.jpg,1
3931366.jpg,2
3932222.jpg,14
3933240.jpg,5
3934246.jpg,7
3935106.jpg,7
3936242.jpg,6
3937410.jpg,11
3938006.jpg,4
3939033.jpg,7
3940197.jpg,14
3941096.jpg,0
3942128.jpg,17
3943270.jpg,14
3944118.jpg,10
3945292.jpg,11
3946182.jpg,1
3947146.jpg,4
3948287.jpg,2
3949071.jpg,10
3950067.jpg,18
3951246.jpg,4
3952065.jpg,17
3953153.jpg,19
3954098.jpg,0
3955365.jpg,3
3956248.jpg,17
3957372.jpg,3
3958197.jpg,3
3959085.jpg,18
3960189.jpg,16
3961163.jpg,18
3962191.jpg,5
3963107.jpg,19
3964231.jpg,10
3965184.jpg,3
3966149.jpg,14
3967367.jpg,3
3968032.jpg,12
3969379.jpg,4
3970161.jpg,3
3971013.jpg,12
3972295.jpg,1
3973300.jpg,8
3974179.jpg,17
3975236.jpg,13
3976260.jpg,13
3977105.jpg,10
3978314.jpg,17
3979113.jpg,2
3980108.jpg,5
3981157.jpg,7
3982086.jpg,14
3983086.jpg,6
3984137.jpg,6
3985381.jpg,11
3986338.jpg,11
3987325.jpg,17
3988054.jpg,10
3989024.jpg,0
3990255.jpg,2
3991022.jpg,13
3992280.jpg,17
3993072.jpg,13
3994223.jpg,18
3995113.jpg,17
3996295.jpg,3
3997310.jpg,8
3998049.jpg,17
3999109.jpg,17
4000071.jpg,12
4001219.jpg,10
4002189.jpg,14
4003105.jpg,2
4004271.jpg,5
4005108.jpg,8
4006019.jpg,16
4007087.jpg,3
4008150.jpg,10
4009141.jpg,12
4010050.jpg,15
4011173.jpg,8
4012163.jpg,1
4013030.jpg,17
4014232.jpg,8
4015065.jpg,19
4016175.jpg,8
4017316.jpg,5
4018049.jpg,0
4019363.jpg,4
4020281.jpg,5
4021069.jpg,19
4022042.jpg,10
4023199.jpg,6
4024033.jpg,4
4025143.jpg,8
4026354.jpg,2
4027111.jpg,6
4028097.jpg,2
4029127.jpg,17
4030170.jpg,0
4031194.jpg,12
4032224.jpg,17
4033094.jpg,8
4034091.jpg,11
4035081.jpg,13
4036284.jpg,10
4037096.jpg,14
4038114.jpg,6
4039238.jpg,10
4040135.jpg,11
4041168.jpg,17
4042034.jpg,12
4043277.jpg,17
4044104.jpg,13
4045227.jpg,8
4046188.jpg,10
4047157.jpg,13
4048285.jpg,3
4049100.jpg,15
4050063.jpg,9
4051081.jpg,15
4052223.jpg,17
4053247.jpg,1
4054026.jpg,13
4055121.jpg,18
4056245.jpg,2
4057297.jpg,11
4058196.jpg,18
4059168.jpg,16
4060012.jpg,6
4061184.jpg,8
4062260.jpg,5
4063302.jpg,13
4064183.jpg,7
4065103.jpg,7
4066028.jpg,4
4067279.jpg,17
4068194.jpg,17
4069039.jpg,0
4070106.jpg,12
4071239.jpg,11
4072175.jpg,1
4073302.jpg,8
4074062.jpg,11
4075153.jpg,13
4076286.jpg,0
4077040.jpg,11
4078130.jpg,16
4079077.jpg,10
4080170.jpg,4
4081203.jpg,19
4082018.jpg,12
4083064.jpg,5
4084159.jpg,10
4085137.jpg,7
4086165.jpg,12
4087253.jpg,10
4088138.jpg,3
4089271.jpg,1
4090166.jpg,12
4091141.jpg,6
4092069.jpg,6
4093259.jpg,0
4094097.jpg,4
4095199.jpg,14
4096160.jpg,0
4097211.jpg,17
4098169.jpg,4
4099062.jpg,17
4100007.jpg,1
4101207.jpg,3
4102128.jpg,0
4103118.jpg,5
4104228.jpg,17
4105104.jpg,0
4106155.jpg,2
4107251.jpg,13
4108009.jpg,12
4109228.jpg,1
4110099.jpg,1
4111210.jpg,13
4112082.jpg,5
4113102.jpg,7
4114106.jpg,0
4115268.jpg,8
4116287.jpg,0
4117130.jpg,13
4118197.jpg,13
4119054.jpg,12
4120020.jpg,14
4121158.jpg,7
4122183.jpg,0
4123056.jpg,6
4124045.jpg,4
4125293.jpg,10
4126074.jpg,19
4127104.jpg,2
4128250.jpg,0
4129094.jpg,17
4130120.jpg,4
4131340.jpg,2
4132182.jpg,17
4133216.jpg,18
4134198.jpg,10
4135086.jpg,8
4136197.jpg,4
4137088.jpg,10
4138122.jpg,14
4139022.jpg,16
4140051.jpg,0
4141139.jpg,16
4142279.jpg,10
4143211.jpg,9
4144133.jpg,4
4145199.jpg,9
4146235.jpg,0
4147091.jpg,7
4148183.jpg,3
4149041.jpg,17
4150208.jpg,6
4151174.jpg,13
4152097.jpg,9
4153246.jpg,8
4154059.jpg,1
4155017.jpg,8
4156154.jpg,19
4157195.jpg,17
4158192.jpg,2
4159161.jpg,10
4160082.jpg,16
4161099.jpg,16
4162054.jpg,1
4163250.jpg,10
4164271.jpg,8
4165038.jpg,2
4166181.jpg,4
4167055.jpg,5
4168258.jpg,17
4169297.jpg,8
4170247.jpg,16
4171222.jpg,8
4172172.jpg,5
4173120.jpg,14
4174142.jpg,0
4175333.jpg,11
4176155.jpg,4
4177156.jpg,10
4178230.jpg,13
4179073.jpg,10
4180200.jpg,18
4181261.jpg,5
4182355.jpg,4
4183212.jpg,17
4184048.jpg,0
4185038.jpg,15
4186078.jpg,17
4187055.jpg,11
4188202.jpg,16
4189118.jpg,3
4190273.jpg,11
4191036.jpg,16
4192394.jpg,4
4193050.jpg,9
4194096.jpg,19
4195084.jpg,13
4196009.jpg,10
4197021.jpg,9
4198170.jpg,3
4199171.jpg,5
4200027.jpg,3
4201200.jpg,17
4202252.jpg,4
4203213.jpg,14
4204037.jpg,3
4205060.jpg,2
4206081.jpg,16
4207134.jpg,10
4208036.jpg,10
4209241.jpg,13
4210037.jpg,18
4211117.jpg,19
4212142.jpg,4
4213147.jpg,7
4214308.jpg,8
4215110.jpg,19
4216067.jpg,10
4217101.jpg,14
4218196.jpg,5
4219052.jpg,18
4220246.jpg,0
4221180.jpg,5
4222074.jpg,16
4223150.jpg,9
4224224.jpg,14
4225269.jpg,13
4226263.jpg,0
4227210.jpg,2
4228057.jpg,9
4229265.jpg,3
4230273.jpg,14
4231072.jpg,10
4232095.jpg,2
4233073.jpg,2
4234289.jpg,0
4235337.jpg,3
4236394.jpg,3
4237231.jpg,18
4238028.jpg,13
4239246.jpg,3
4240178.jpg,3
4241093.jpg,17
4242104.jpg,12
4243264.jpg,14
4244167.jpg,14
4245079.jpg,7
4246054.jpg,6
4247040.jpg,15
4248253.jpg,2
4249008.jpg,6
4250111.jpg,0
4251143.jpg,5
4252194.jpg,1
4253108.jpg,16
4254160.jpg,9
4255083.jpg,15
4256275.jpg,5
4257149.jpg,7
4258258.jpg,19
4259274.jpg,13
4260171.jpg,17
4261026.jpg,3
4262082.jpg,15
4263154.jpg,4
4264190.jpg,14
4265074.jpg,1
4266124.jpg,6
4267056.jpg,4
4268135.jpg,10
4269042.jpg,6
4270202.jpg,4
4271330.jpg,17
4272298.jpg,5
4273181.jpg,11
4274228.jpg,16
4275119.jpg,19
4276095.jpg,13
4277037.jpg,14
4278382.jpg,4
4279087.jpg,1
4280014.jpg,5
4281085.jpg,2
4282124.jpg,12
4283164.jpg,4
4284242.jpg,7
4285021.jpg,6
4286178.jpg,0
4287143.jpg,3
4288291.jpg,1
4289082.jpg,18
4290088.jpg,0
4291208.jpg,3
4292102.jpg,0
4293309.jpg,2
4294029.jpg,19
4295011.jpg,9
4296036.jpg,11
4297041.jpg,2
4298122.jpg,5
4299130.jpg,9
4300258.jpg,8
4301255.jpg,17
4302181.jpg,19
4303166.jpg,16
4304106.jpg,9
4305164.jpg,13
4306344.jpg,4
4307183.jpg,18
4308007.jpg,15
4309062.jpg,0
4310299.jpg,13
4311126.jpg,11
4312178.jpg,6
4313064.jpg,19
4314203.jpg,2
4315203.jpg,0
4316212.jpg,3
4317062.jpg,14
4318146.jpg,18
4319262.jpg,2
4320024.jpg,4
4321318.jpg,4
4322023.jpg,1
4323402.jpg,11
4324071.jpg,11
4325122.jpg,19
4326088.jpg,14
4327226.jpg,13
4328004.jpg,18
4329289.jpg,4
4330077.jpg,19
4331217.jpg,11
4332158.jpg,1
4333162.jpg,1
4334127.jpg,14
4335111.jpg,9
4336167.jpg,1
4337077.jpg,15
4338112.jpg,15
4339203.jpg,7
4340286.jpg,17
4341053.jpg,19
4342098.jpg,1
4343347.jpg,3
4344191.jpg,12
4345021.jpg,14
4346028.jpg,16
4347087.jpg,8
4348105.jpg,9
4349109.jpg,3
4350219.jpg,6
4351209.jpg,18
4352182.jpg,8
4353185.jpg,5
4354156.jpg,7
4355112.jpg,18
4356152.jpg,12
4357098.jpg,3
4358214.jpg,18
4359130.jpg,10
4360137.jpg,18
4361276.jpg,0
4362077.jpg,16
4363253.jpg,17
4364092.jpg,2
4365076.jpg,8
4366212.jpg,14
4367230.jpg,0
4368286.jpg,5
4369261.jpg,7
4370008.jpg,4
4371263.jpg,1
4372215.jpg,17
4373005.jpg,4
4374208.jpg,17
4375227.jpg,13
4376138.jpg,13
4377201.jpg,18
4378123.jpg,15
4379037.jpg,10
4380014.jpg,12
4381226.jpg,19
4382211.jpg,0
4383057.jpg,11
4384071.jpg,8
4385232.jpg,3
4386162.jpg,0
4387331.jpg,4
4388044.jpg,17
4389250.jpg,1
4390080.jpg,19
4391033.jpg,5
4392073.jpg,5
4393247.jpg,10
4394258.jpg,4
4395127.jpg,2
4396024.jpg,17
4397127.jpg,6
4398217.jpg,10
4399227.jpg,0
4400353.jpg,4
4401270.jpg,6
4402084.jpg,1
4403145.jpg,6
4404161.jpg,17
4405168.jpg,6
4406269.jpg,14
4407102.jpg,16
4408016.jpg,19
4409177.jpg,14
4410300.jpg,3
4411248.jpg,14
4412125.jpg,16
4413218.jpg,12
4414288.jpg,2
4415067.jpg,19
4416223.jpg,16
4417066.jpg,13
4418271.jpg,3
4419093.jpg,6
4420239.jpg,2
4421295.jpg,4
4422200.jpg,0
4423131.jpg,12
4424002.jpg,18
4425199.jpg,3
4426337.jpg,17
4427371.jpg,3
4428051.jpg,9
4429150.jpg,16
4430195.jpg,2
4431274.jpg,8
4432317.jpg,3
4433194.jpg,10
4434211.jpg,8
4435169.jpg,14
4436052.jpg,16
4437223.jpg,14
4438002.jpg,19
4439171.jpg,9
4440173.jpg,18
4441063.jpg,4
4442177.jpg,11
4443136.jpg,11
4444325.jpg,11
4445165.jpg,4
4446067.jpg,11
4447037.jpg,12
4448022.jpg,11
4449307.jpg,13
4450270.jpg,13
4451281.jpg,0
4452187.jpg,14
4453050.jpg,10
4454247.jpg,17
4455168.jpg,8
4456257.jpg,19
4457195.jpg,12
4458250.jpg,14
4459054.jpg,2
4460257.jpg,11
4461083.jpg,2
4462226.jpg,9
4463176.jpg,10
4464004.jpg,4
4465172.jpg,2
4466106.jpg,15
4467043.jpg,11
4468252.jpg,9
4469227.jpg,6
4470348.jpg,4
4471124.jpg,5
4472123.jpg,2
4473253.jpg,5
4474140.jpg,18
4475225.jpg,6
4476053.jpg,11
4477351.jpg,3
4478197.jpg,6
4479079.jpg,9
4480196.jpg,0
4481011.jpg,5
4482263.jpg,11
4483132.jpg,13
4484165.jpg,7
4485162.jpg,9
4486015.jpg,9
4487248.jpg,3
4488144.jpg,17
4489318.jpg,5
4490007.jpg,13
4491082.jpg,3
4492240.jpg,0
4493248.jpg,2
4494323.jpg,1
4495119.jpg,7
4496040.jpg,7
4497053.jpg,1
4498253.jpg,0
4499339.jpg,2
4500109.jpg,2
4501051.jpg,8
4502115.jpg,2
4503201.jpg,14
4504262.jpg,10
4505340.jpg,17
4506335.jpg,2
4507379.jpg,3
4508033.jpg,15
4509183.jpg,17
4510234.jpg,14
4511031.jpg,16
4512020.jpg,0
4513005.jpg,17
4514129.jpg,9
4515240.jpg,4
4516109.jpg,19
4517054.jpg,13
4518279.jpg,1
4519198.jpg,1
4520081.jpg,10
4521254.jpg,6
4522243.jpg,0
4523061.jpg,12
4524215.jpg,3
4525356.jpg,11
4526178.jpg,9
4527011.jpg,6
4528169.jpg,8
4529247.jpg,19
4530096.jpg,16
4531045.jpg,2
4532066.jpg,8
4533090.jpg,9
4534067.jpg,6
4535040.jpg,14
4536035.jpg,14
4537128.jpg,14
4538274.jpg,3
4539012.jpg,3
4540026.jpg,10
4541025.jpg,13
4542138.jpg,2
4543320.jpg,4
4544199.jpg,5
4545167.jpg,9
4546245.jpg,0
4547118.jpg,14
4548062.jpg,7
4549074.jpg,2
4550041.jpg,10
4551140.jpg,19
4552062.jpg,5
4553009.jpg,17
4554304.jpg,8
4555028.jpg,18
4556219.jpg,12
4557227.jpg,5
4558091.jpg,9
4559047.jpg,12
4560179.jpg,1
4561051.jpg,15
4562264.jpg,17
4563103.jpg,19
4564114.jpg,12
4565148.jpg,4
4566212.jpg,0
4567253.jpg,1
4568200.jpg,7
4569300.jpg,13
4570232.jpg,5
4571211.jpg,13
4572181.jpg,17
4573065.jpg,15
4574274.jpg,14
4575212.jpg,4
4576256.jpg,16
4577127.jpg,5
4578151.jpg,4
4579153.jpg,17
4580066.jpg,0
4581091.jpg,0
4582231.jpg,16
4583136.jpg,8
4584097.jpg,7
4585075.jpg,14
4586083.jpg,16
4587076.jpg,10
4588225.jpg,9
4589192.jpg,12
4590135.jpg,1
4591117.jpg,5
4592072.jpg,16
4593160.jpg,1
4594309.jpg,4
4595125.jpg,13
4596199.jpg,13
4597034.jpg,3
4598249.jpg,4
4599134.jpg,16
4600052.jpg,6
4601216.jpg,13
4602224.jpg,11
4603102.jpg,5
4604270.jpg,9
4605038.jpg,14
4606293.jpg,17
4607043.jpg,9
4608079.jpg,8
4609170.jpg,2
4610144.jpg,4
4611035.jpg,1
4612158.jpg,13
4613156.jpg,3
4614035.jpg,16
4615328.jpg,1
4616145.jpg,2
4617099.jpg,10
4618157.jpg,19
4619282.jpg,13
4620283.jpg,17
4621087.jpg,0
4622164.jpg,0
4623078.jpg,5
4624293.jpg,11
4625161.jpg,0
4626265.jpg,11
4627014.jpg,15
4628017.jpg,12
4629017.jpg,19
4630059.jpg,2
4631175.jpg,5
4632282.jpg,4
4633027.jpg,16
4634228.jpg,14
4635145.jpg,7
4636303.jpg,13
4637049.jpg,5
4638112.jpg,10
4639154.jpg,3
4640186.jpg,13
4641061.jpg,10
4642180.jpg,12
4643179.jpg,4
4644086.jpg,7
4645272.jpg,9
4646052.jpg,17
4647151.jpg,17
4648338.jpg,3
4649088.jpg,18
4650161.jpg,14
4651280.jpg,11
4652273.jpg,1
4653074.jpg,14
4654165.jpg,2
4655237.jpg,0
4656067.jpg,15
4657141.jpg,16
4658142.jpg,10
4659296.jpg,13
4660085.jpg,1
4661122.jpg,17
4662268.jpg,6
4663261.jpg,17
4664172.jpg,6
4665166.jpg,13
4666225.jpg,19
4667127.jpg,13
4668399.jpg,11
4669090.jpg,1
4670099.jpg,11
4671062.jpg,3
4672211.jpg,18
4673271.jpg,14
4674066.jpg,18
4675234.jpg,2
4676003.jpg,18
4677149.jpg,1
4678143.jpg,18
4679087.jpg,10
4680114.jpg,15
4681299.jpg,7
4682278.jpg,16
4683010.jpg,10
4684082.jpg,6
4685013.jpg,19
4686146.jpg,9
4687178.jpg,19
4688125.jpg,15
4689253.jpg,9
4690096.jpg,9
4691022.jpg,3
4692040.jpg,3
4693140.jpg,8
4694181.jpg,9
4695165.jpg,6
4696137.jpg,14
4697177.jpg,17
4698178.jpg,2
4699155.jpg,13
4700155.jpg,6
4701003.jpg,14
4702068.jpg,4
4703304.jpg,5
4704371.jpg,2
4705266.jpg,5
4706115.jpg,13
4707027.jpg,8
4708150.jpg,7
4709231.jpg,2
4710406.jpg,3
4711281.jpg,6
4712219.jpg,14
4713048.jpg,2
4714226.jpg,10
4715032.jpg,0
4716104.jpg,14
4717292.jpg,7
4718148.jpg,10
4719010.jpg,18
4720297.jpg,5
4721103.jpg,8
4722169.jpg,19
4723205.jpg,3
4724137.jpg,3
4725017.jpg,5
4726095.jpg,14
4727153.jpg,4
4728012.jpg,1
4729064.jpg,7
4730330.jpg,11
4731248.jpg,1
4732241.jpg,19
4733334.jpg,2
4734389.jpg,11
4735237.jpg,1
4736084.jpg,12
4737072.jpg,9
4738136.jpg,3
4739141.jpg,2
4740158.jpg,10
4741244.jpg,19
4742272.jpg,2
4743217.jpg,17
4744237.jpg,6
4745059.jpg,3
4746078.jpg,1
4747226.jpg,3
4748164.jpg,19
4749204.jpg,4
4750228.jpg,9
4751139.jpg,6
4752203.jpg,12
4753376.jpg,4
4754210.jpg,3
4755405.jpg,3
4756146.jpg,19
4757223.jpg,0
4758361.jpg,2
4759184.jpg,0
4760268.jpg,9
4761074.jpg,11
4762027.jpg,12
4763197.jpg,8
4764077.jpg,1
4765320.jpg,11
4766080.jpg,2
4767288.jpg,10
4768248.jpg,10
4769208.jpg,11
4770091.jpg,12
4771055.jpg,7
4772294.jpg,3
4773006.jpg,7
4774174.jpg,19
4775379.jpg,11
4776258.jpg,13
4777270.jpg,10
4778196.jpg,13
4779233.jpg,0
4780311.jpg,14
4781104.jpg,10
4782266.jpg,0
4783064.jpg,16
4784019.jpg,14
4785407.jpg,4
4786008.jpg,12
4787280.jpg,2
4788015.jpg,1
4789184.jpg,5
4790303.jpg,2
4791146.jpg,2
4792106.jpg,5
4793188.jpg,1
4794265.jpg,4
4795291.jpg,0
4796112.jpg,3
4797174.jpg,5
4798284.jpg,6
4799082.jpg,2
4800198.jpg,13
4801070.jpg,9
4802238.jpg,14
4803201.jpg,4
4804045.jpg,19
4805305.jpg,2
4806080.jpg,12
4807105.jpg,18
4808171.jpg,0
4809121.jpg,3
4810216.jpg,6
4811301.jpg,1
4812243.jpg,4
4813133.jpg,17
4814121.jpg,11
4815194.jpg,16
4816094.jpg,15
4817262.jpg,3
4818010.jpg,17
4819216.jpg,2
4820246.jpg,5
4821158.jpg,14
4822073.jpg,13
4823098.jpg,6
4824197.jpg,7
4825227.jpg,14
4826238.jpg,9
4827092.jpg,12
4828111.jpg,19
4829225.jpg,10
4830328.jpg,4
4831173.jpg,1
4832187.jpg,17
4833345.jpg,17
4834242.jpg,8
4835244.jpg,13
4836266.jpg,9
4837095.jpg,10
4838229.jpg,12
4839143.jpg,17
4840089.jpg,6
4841100.jpg,9
4842206.jpg,13
4843182.jpg,13
4844027.jpg,9
4845030.jpg,0
4846221.jpg,19
4847277.jpg,13
4848128.jpg,1
4849123.jpg,4
4850227.jpg,19
4851004.jpg,1
4852183.jpg,19
4853059.jpg,13
4854145.jpg,4
4855204.jpg,5
4856151.jpg,0
4857050.jpg,12
4858282.jpg,7
4859042.jpg,18
4860012.jpg,16
4861224.jpg,2
4862101.jpg,15
4863004.jpg,19
4864024.jpg,12
4865336.jpg,7
4866097.jpg,13
4867212.jpg,9
4868242.jpg,16
4869123.jpg,1
4870096.jpg,11
4871070.jpg,13
4872175.jpg,13
4873236.jpg,12
4874214.jpg,7
4875025.jpg,14
4876158.jpg,18
4877040.jpg,10
4878004.jpg,2
4879096.jpg,18
4880307.jpg,0
4881236.jpg,6
4882012.jpg,12
4883001.jpg,13
4884085.jpg,7
4885045.jpg,18
4886144.jpg,1
4887084.jpg,18
4888091.jpg,16
4889142.jpg,8
4890167.jpg,8
4891050.jpg,6
4892208.jpg,10
4893289.jpg,8
4894123.jpg,13
4895320.jpg,7
4896113.jpg,5
4897283.jpg,5
4898172.jpg,18
4899214.jpg,19
4900237.jpg,17
4901217.jpg,18
4902075.jpg,10
4903115.jpg,19
4904191.jpg,1
4905017.jpg,1
4906125.jpg,7
4907074.jpg,3
4908126.jpg,8
4909331.jpg,17
4910273.jpg,9
4911096.jpg,6
4912074.jpg,5
4913123.jpg,8
4914206.jpg,19
4915265.jpg,8
4916185.jpg,7
4917386.jpg,4
4918209.jpg,5
4919156.jpg,16
4920126.jpg,0
4921215.jpg,7
4922046.jpg,17
4923046.jpg,13
4924081.jpg,17
4925261.jpg,9
4926260.jpg,18
4927345.jpg,2
4928218.jpg,14
4929271.jpg,13
4930023.jpg,14
4931038.jpg,8
4932114.jpg,18
4933201.jpg,17
4934274.jpg,2
4935123.jpg,17
4936101.jpg,8
4937114.jpg,9
4938034.jpg,4
4939303.jpg,14
4940142.jpg,19
4941043.jpg,2
4942190.jpg,13
4943261.jpg,10
4944156.jpg,17
4945226.jpg,14
4946083.jpg,19
4947315.jpg,14
4948061.jpg,2
4949103.jpg,13
4950042.jpg,9
4951410.jpg,4
4952218.jpg,7
4953217.jpg,1
4954118.jpg,11
4955272.jpg,3
4956059.jpg,15
4957176.jpg,7
4958159.jpg,9
4959089.jpg,13
4960062.jpg,9
4961408.jpg,11
4962060.jpg,15
4963369.jpg,4
4964065.jpg,14
4965139.jpg,13
4966212.jpg,12
4967259.jpg,5
4968109.jpg,4
4969110.jpg,3
4970066.jpg,5
4971002.jpg,6
4972038.jpg,16
4973044.jpg,18
4974042.jpg,13
4975036.jpg,0
4976279.jpg,5
4977075.jpg,9
4978235.jpg,16
4979308.jpg,14
4980095.jpg,11
4981152.jpg,19
4982318.jpg,17
4983321.jpg,11
4984030.jpg,7
4985080.jpg,16
4986159.jpg,6
4987218.jpg,9
4988252.jpg,5
4989272.jpg,14
4990120.jpg,7
4991040.jpg,17
4992133.jpg,11
4993269.jpg,2
4994024.jpg,11
4995018.jpg,19
4996013.jpg,17
4997048.jpg,4
4998099.jpg,18
4999210.jpg,4
5000183.jpg,14
5001231.jpg,14
5002190.jpg,17
5003146.jpg,17
5004239.jpg,0
5005192.jpg,10
5006151.jpg,18
5007376.jpg,11
5008074.jpg,6
5009312.jpg,7
5010135.jpg,9
5011180.jpg,11
5012027.jpg,13
5013240.jpg,3
5014152.jpg,1
5015117.jpg,18
5016204.jpg,3
5017087.jpg,16
5018155.jpg,11
5019028.jpg,7
5020173.jpg,9
5021176.jpg,17
5022223.jpg,6
5023145.jpg,12
5024191.jpg,4
5025215.jpg,6
5026050.jpg,8
5027063.jpg,7
5028118.jpg,16
5029262.jpg,11
5030078.jpg,3
5031299.jpg,1
5032272.jpg,1
5033165.jpg,16
5034088.jpg,17
5035116.jpg,15
5036267.jpg,5
5037136.jpg,13
5038349.jpg,11
5039095.jpg,19
5040287.jpg,1
5041160.jpg,13
5042306.jpg,11
5043019.jpg,17
5044003.jpg,8
5045191.jpg,16
5046065.jpg,5
5047076.jpg,15
5048054.jpg,5
5049027.jpg,17
5050061.jpg,19
5051172.jpg,11
5052265.jpg,13
5053216.jpg,19
5054316.jpg,4
5055086.jpg,18
5056100.jpg,2
5057090.jpg,17
5058221.jpg,7
5059039.jpg,8
5060353.jpg,17
5061254.jpg,10
5062175.jpg,4
5063171.jpg,16
5064072.jpg,15
5065007.jpg,4
5066126.jpg,14
5067193.jpg,18
5068241.jpg,14
5069066.jpg,15
5070222.jpg,7
5071093.jpg,1
5072045.jpg,11
5073140.jpg,11
5074005.jpg,5
5075158.jpg,4
5076018.jpg,13
5077207.jpg,1
5078019.jpg,3
5079278.jpg,7
5080005.jpg,15
5081018.jpg,15
5082088.jpg,4
5083292.jpg,5
5084035.jpg,19
5085021.jpg,1
5086237.jpg,8
5087168.jpg,10
5088273.jpg,13
5089105.jpg,4
5090313.jpg,1
5091221.jpg,4
5092269.jpg,10
5093096.jpg,2
5094173.jpg,14
5095057.jpg,2
5096241.jpg,6
5097292.jpg,0
5098189.jpg,3
5099201.jpg,3
5100236.jpg,9
5101133.jpg,2
5102078.jpg,18
5103295.jpg,9
5104270.jpg,7
5105217.jpg,12
5106015.jpg,2
5107048.jpg,13
5108214.jpg,10
5109021.jpg,13
5110059.jpg,8
5111091.jpg,18
5112066.jpg,19
5113164.jpg,9
5114087.jpg,15
5115087.jpg,19
5116094.jpg,2
5117206.jpg,6
5118017.jpg,9
5119296.jpg,1
5120134.jpg,11
5121357.jpg,11
5122158.jpg,9
5123177.jpg,0
5124219.jpg,17
5125306.jpg,0
5126287.jpg,9
5127197.jpg,18
5128316.jpg,7
5129249.jpg,10
5130273.jpg,0
5131361.jpg,4
5132346.jpg,7
5133074.jpg,4
5134322.jpg,2
5135247.jpg,8
5136283.jpg,1
5137278.jpg,1
5138083.jpg,0
5139224.jpg,8
5140023.jpg,12
5141295.jpg,14
5142320.jpg,5
5143157.jpg,6
5144014.jpg,6
5145278.jpg,14
5146291.jpg,5
5147283.jpg,9
5148088.jpg,7
5149076.jpg,17
5150110.jpg,14
5151104.jpg,1
5152008.jpg,3
5153152.jpg,10
5154231.jpg,3
5155099.jpg,9
5156293.jpg,4
5157047.jpg,15
5158178.jpg,12
5159334.jpg,17
5160346.jpg,17
5161230.jpg,1
5162273.jpg,6
5163118.jpg,2
5164109.jpg,7
5165185.jpg,2
5166268.jpg,2
5167035.jpg,13
5168254.jpg,1
5169072.jpg,7
5170132.jpg,3
5171220.jpg,13
5172192.jpg,17
5173007.jpg,16
5174262.jpg,5
5175137.jpg,8
5176259.jpg,13
5177040.jpg,9
5178293.jpg,7
5179351.jpg,11
5180297.jpg,0
5181306.jpg,8
5182258.jpg,11
5183391.jpg,11
5184352.jpg,17
5185137.jpg,12
5186263.jpg,2
5187229.jpg,0
5188185.jpg,13
5189179.jpg,2
5190190.jpg,6
5191092.jpg,16
5192078.jpg,14
5193262.jpg,6
5194250.jpg,4
5195015.jpg,8
5196321.jpg,4
5197274.jpg,10
5198294.jpg,5
5199243.jpg,18
5200068.jpg,16
5201092.jpg,6
5202284.jpg,1
5203101.jpg,7
5204052.jpg,13
5205173.jpg,5
5206262.jpg,19
5207195.jpg,11
5208063.jpg,2
5209005.jpg,1
5210307.jpg,8
5211059.jpg,14
5212026.jpg,2
5213309.jpg,7
5214316.jpg,11
5215231.jpg,8
5216001.jpg,11
5217251.jpg,17
5218182.jpg,19
5219131.jpg,0
5220140.jpg,10
5221086.jpg,2
5222302.jpg,14
5223221.jpg,5
5224181.jpg,8
5225316.jpg,1
5226305.jpg,0
5227037.jpg,11
5228258.jpg,1
5229021.jpg,7
5230387.jpg,4
5231225.jpg,8
5232060.jpg,18
5233060.jpg,9
5234155.jpg,8
5235370.jpg,11
5236291.jpg,8
5237313.jpg,3
5238193.jpg,19
5239226.jpg,18
5240305.jpg,8
5241195.jpg,13
5242159.jpg,17
5243115.jpg,15
5244009.jpg,6
5245216.jpg,12
5246310.jpg,3
5247117.jpg,11
5248152.jpg,0
5249183.jpg,16
5250172.jpg,17
5251198.jpg,9
5252057.jpg,1
5253145.jpg,10
5254163.jpg,19
5255173.jpg,13
5256118.jpg,4
5257270.jpg,4
5258063.jpg,3
5259014.jpg,16
5260318.jpg,2
5261084.jpg,17
5262037.jpg,5
5263392.jpg,4
5264110.jpg,12
5265214.jpg,12
5266006.jpg,11
5267173.jpg,3
5268153.jpg,10
5269290.jpg,11
5270051.jpg,3
5271066.jpg,14
5272221.jpg,6
5273291.jpg,10
5274263.jpg,17
5275174.jpg,11
5276281.jpg,8
5277285.jpg,11
5278072.jpg,17
5279349.jpg,2
5280238.jpg,17
5281252.jpg,11
5282014.jpg,3
5283082.jpg,13
5284149.jpg,13
5285054.jpg,4
5286228.jpg,4
5287175.jpg,10
5288362.jpg,4
5289098.jpg,16
5290255.jpg,11
5291013.jpg,0
5292043.jpg,5
5293002.jpg,7
5294041.jpg,1
5295391.jpg,3
5296288.jpg,9
5297150.jpg,17
5298403.jpg,3
5299016.jpg,17
5300158.jpg,8
5301217.jpg,6
5302163.jpg,17
5303200.jpg,5
5304006.jpg,15
5305016.JPG,12
5306081.jpg,18
5307180.jpg,16
5308072.jpg,12
5309215.jpg,1
5310143.jpg,13
5311269.jpg,8
5312229.jpg,11
5313168.jpg,19
5314009.jpg,18
5315210.jpg,7
5316115.jpg,3
5317001.jpg,7
5318199.jpg,12
5319062.jpg,16
5320074.jpg,18
5321214.jpg,16
5322127.jpg,18
5323246.jpg,9
5324255.jpg,1
5325098.jpg,10
5326121.jpg,0
5327054.jpg,11
